timestamp,total_called_mw,avg_price_eur_mwh
2024-02-01 00:00:00,48.0,93.47708333333333
2024-02-01 00:15:00,30.0,91.96333333333332
2024-02-01 00:30:00,53.0,93.71509433962264
2024-02-01 00:45:00,55.0,93.79818181818182
2024-02-01 01:00:00,31.0,92.0290322580645
2024-02-01 01:15:00,31.0,92.0290322580645
2024-02-01 01:30:00,31.0,92.0290322580645
2024-02-01 01:45:00,53.0,93.67735849056604
2024-02-01 02:00:00,50.0,93.538
2024-02-01 02:15:00,53.0,93.67735849056604
2024-02-01 02:30:00,31.0,92.0290322580645
2024-02-01 02:45:00,31.0,92.0290322580645
2024-02-01 07:30:00,54.0,104.59629629629627
2024-02-01 07:45:00,54.0,104.59629629629627
2024-02-01 08:00:00,60.0,100.0
2024-02-01 08:15:00,113.0,102.2553982300885
2024-02-01 08:30:00,113.0,102.2504424778761
2024-02-01 08:45:00,113.0,102.25415929203541
2024-02-01 09:00:00,117.0,97.95931623931624
2024-02-01 09:15:00,117.0,97.95931623931624
2024-02-01 09:30:00,117.0,97.95931623931624
2024-02-01 09:45:00,157.0,98.98878980891719
2024-02-01 10:00:00,143.0,96.43965034965034
2024-02-01 10:15:00,143.0,96.43965034965034
2024-02-01 10:30:00,143.0,96.43965034965034
2024-02-01 10:45:00,143.0,96.43965034965034
2024-02-01 11:00:00,140.0,94.18214285714286
2024-02-01 11:15:00,140.0,94.18214285714286
2024-02-01 11:30:00,140.0,94.18214285714286
2024-02-01 11:45:00,215.0,96.16279069767442
2024-02-01 12:00:00,210.0,94.18357142857143
2024-02-01 12:15:00,300.0,95.72016666666667
2024-02-01 12:30:00,300.0,95.72016666666667
2024-02-01 12:45:00,300.0,95.72016666666667
2024-02-01 13:00:00,200.0,93.46625
2024-02-01 13:15:00,200.0,93.46625
2024-02-01 13:30:00,149.0,92.92013422818792
2024-02-01 13:45:00,100.0,92.1375
2024-02-01 14:00:00,98.0,92.325
2024-02-01 18:45:00,108.0,104.9075925925926
2024-02-01 19:00:00,50.0,103.9
2024-02-01 19:15:00,50.0,103.9
2024-02-01 19:30:00,50.0,103.9
2024-02-01 19:45:00,150.0,104.63333333333334
2024-02-01 20:00:00,145.0,101.58351724137931
2024-02-01 20:15:00,145.0,101.5766896551724
2024-02-01 20:30:00,145.0,101.57896551724139
2024-02-01 20:45:00,145.0,101.57289655172414
2024-02-01 21:00:00,100.0,94.319
2024-02-01 21:15:00,100.0,94.319
2024-02-01 21:30:00,100.0,94.319
2024-02-01 21:45:00,100.0,94.319
2024-02-01 22:00:00,100.0,96.34629999999999
2024-02-01 22:15:00,43.0,93.9327906976744
2024-02-01 22:30:00,43.0,93.9327906976744
2024-02-01 22:45:00,43.0,93.9327906976744
2024-02-01 23:00:00,29.0,91.89310344827585
2024-02-02 02:15:00,40.0,58.6
2024-02-02 02:30:00,40.0,58.6
2024-02-02 02:45:00,40.0,58.6
2024-02-02 03:00:00,12.0,64.03
2024-02-02 03:15:00,52.0,61.39153846153847
2024-02-02 03:30:00,52.0,61.39153846153847
2024-02-02 03:45:00,52.0,61.39153846153847
2024-02-02 04:00:00,40.0,60.6
2024-02-02 04:15:00,86.0,59.2093023255814
2024-02-02 04:30:00,86.0,59.2093023255814
2024-02-02 04:45:00,86.0,59.2093023255814
2024-02-02 05:00:00,99.0,63.09000000000001
2024-02-02 05:15:00,99.0,63.09000000000001
2024-02-02 05:30:00,99.0,63.09000000000001
2024-02-02 05:45:00,99.0,63.09000000000001
2024-02-02 06:00:00,50.0,65.719
2024-02-02 08:15:00,50.0,97.4
2024-02-02 08:30:00,50.0,97.4
2024-02-02 08:45:00,50.0,97.4
2024-02-02 09:00:00,46.0,91.0
2024-02-02 09:15:00,46.0,91.0
2024-02-02 09:30:00,46.0,91.0
2024-02-02 09:45:00,119.0,92.6089075630252
2024-02-02 10:00:00,92.0,92.21739130434783
2024-02-02 10:15:00,203.0,95.64285714285714
2024-02-02 10:30:00,203.0,95.64285714285714
2024-02-02 10:45:00,203.0,95.64285714285714
2024-02-02 11:00:00,124.0,93.23596774193548
2024-02-02 11:15:00,124.0,93.21983870967742
2024-02-02 11:30:00,124.0,93.21983870967742
2024-02-02 11:45:00,124.0,93.21983870967742
2024-02-02 12:00:00,119.0,92.96907563025209
2024-02-02 12:15:00,129.0,92.97147286821705
2024-02-02 12:30:00,129.0,92.97147286821705
2024-02-02 12:45:00,124.0,93.05096774193548
2024-02-02 15:00:00,59.0,89.18813559322035
2024-02-02 15:15:00,59.0,89.18813559322035
2024-02-02 15:30:00,59.0,89.18813559322035
2024-02-02 15:45:00,59.0,89.18813559322035
2024-02-02 16:00:00,26.0,90.0
2024-02-02 17:30:00,50.0,72.27199999999999
2024-02-02 17:45:00,50.0,72.27199999999999
2024-02-02 18:00:00,60.0,71.58083333333335
2024-02-02 18:15:00,60.0,71.58083333333335
2024-02-02 18:30:00,60.0,71.58083333333335
2024-02-02 19:00:00,50.0,95.0
2024-02-02 19:15:00,50.0,95.0
2024-02-02 19:30:00,50.0,95.0
2024-02-02 19:45:00,50.0,95.0
2024-02-02 20:00:00,52.0,95.88000000000001
2024-02-02 20:15:00,52.0,95.87038461538462
2024-02-02 20:30:00,52.0,95.87038461538462
2024-02-02 20:45:00,52.0,95.87038461538462
2024-02-02 21:00:00,50.0,90.53200000000001
2024-02-02 21:15:00,50.0,90.53200000000001
2024-02-02 21:30:00,50.0,90.53200000000001
2024-02-02 21:45:00,50.0,90.53200000000001
2024-02-02 22:00:00,50.0,90.53200000000001
2024-02-02 22:15:00,50.0,90.53200000000001
2024-02-02 22:30:00,50.0,90.53200000000001
2024-02-02 22:45:00,50.0,90.53200000000001
2024-02-02 23:00:00,50.0,89.48
2024-02-02 23:15:00,50.0,89.48
2024-02-02 23:30:00,90.0,90.03666666666666
2024-02-02 23:45:00,90.0,90.03666666666666
2024-02-03 00:00:00,50.0,89.456
2024-02-03 00:15:00,50.0,89.456
2024-02-03 00:30:00,50.0,89.456
2024-02-03 00:45:00,50.0,89.456
2024-02-03 01:00:00,50.0,89.58
2024-02-03 01:15:00,50.0,89.58
2024-02-03 01:30:00,50.0,89.58
2024-02-03 03:00:00,40.0,92.27250000000001
2024-02-03 07:00:00,40.0,85.99
2024-02-03 07:15:00,70.0,87.93714285714286
2024-02-03 07:30:00,40.0,85.99
2024-02-03 07:45:00,40.0,85.99
2024-02-03 08:00:00,70.0,89.34771428571429
2024-02-03 08:15:00,117.0,91.03709401709402
2024-02-03 08:30:00,50.0,88.6868
2024-02-03 08:45:00,50.0,88.6868
2024-02-03 09:45:00,77.0,58.66233766233766
2024-02-03 10:00:00,60.0,61.833333333333336
2024-02-03 10:15:00,112.0,59.169642857142854
2024-02-03 10:30:00,107.0,57.63551401869159
2024-02-03 10:45:00,153.0,56.24183006535948
2024-02-03 11:00:00,149.0,44.08845637583893
2024-02-03 11:15:00,253.0,34.09913043478261
2024-02-03 11:30:00,246.0,34.50032520325203
2024-02-03 11:45:00,246.0,33.57959349593496
2024-02-03 12:00:00,193.0,21.19077720207254
2024-02-03 12:15:00,180.0,20.99138888888889
2024-02-03 12:30:00,189.0,20.88973544973545
2024-02-03 12:45:00,179.0,20.70949720670391
2024-02-03 13:00:00,250.0,11.012
2024-02-03 13:15:00,250.0,11.012
2024-02-03 13:30:00,250.0,11.012
2024-02-03 13:45:00,250.0,10.972
2024-02-03 14:00:00,205.0,12.680487804878048
2024-02-03 14:15:00,205.0,12.680487804878048
2024-02-03 14:30:00,205.0,12.660975609756097
2024-02-03 14:45:00,200.0,12.9625
2024-02-03 15:00:00,202.0,43.08683168316832
2024-02-03 15:15:00,209.0,42.68794258373205
2024-02-03 15:30:00,249.0,40.36843373493976
2024-02-03 15:45:00,249.0,40.37759036144578
2024-02-03 16:00:00,252.0,57.54126984126984
2024-02-03 16:15:00,207.0,59.23913043478261
2024-02-03 16:30:00,162.0,60.4929012345679
2024-02-03 16:45:00,162.0,60.489506172839505
2024-02-03 17:00:00,157.0,61.85955414012739
2024-02-03 17:15:00,139.0,62.13741007194245
2024-02-03 17:30:00,75.0,63.34799999999999
2024-02-03 20:15:00,77.0,62.599999999999994
2024-02-03 20:30:00,77.0,62.599999999999994
2024-02-03 20:45:00,77.0,62.599999999999994
2024-02-03 21:00:00,80.0,63.65
2024-02-03 21:15:00,70.0,63.51
2024-02-03 21:30:00,70.0,63.51
2024-02-03 21:45:00,70.0,63.51
2024-02-03 22:00:00,70.0,65.1
2024-02-03 22:15:00,70.0,63.51
2024-02-03 22:30:00,70.0,63.51
2024-02-03 22:45:00,70.0,63.51
2024-02-04 01:15:00,91.0,60.027472527472526
2024-02-04 01:30:00,91.0,60.027472527472526
2024-02-04 01:45:00,91.0,60.027472527472526
2024-02-04 02:00:00,76.0,54.21052631578947
2024-02-04 02:15:00,76.0,54.21052631578947
2024-02-04 02:30:00,76.0,54.21052631578947
2024-02-04 02:45:00,76.0,54.21052631578947
2024-02-04 03:00:00,142.0,45.15915492957747
2024-02-04 03:15:00,142.0,45.15915492957747
2024-02-04 03:30:00,142.0,45.15915492957747
2024-02-04 03:45:00,142.0,45.15915492957747
2024-02-04 04:00:00,106.0,41.62830188679246
2024-02-04 04:15:00,111.0,41.33873873873874
2024-02-04 04:30:00,111.0,41.33873873873874
2024-02-04 04:45:00,111.0,41.33873873873874
2024-02-04 05:00:00,142.0,45.15915492957747
2024-02-04 05:15:00,142.0,45.15915492957747
2024-02-04 05:30:00,142.0,45.15915492957747
2024-02-04 05:45:00,142.0,45.15915492957747
2024-02-04 06:00:00,56.0,52.982142857142854
2024-02-04 06:15:00,56.0,52.982142857142854
2024-02-04 06:30:00,56.0,52.982142857142854
2024-02-04 06:45:00,56.0,52.982142857142854
2024-02-04 07:00:00,53.0,61.179245283018865
2024-02-04 07:15:00,53.0,61.179245283018865
2024-02-04 07:30:00,53.0,61.179245283018865
2024-02-04 07:45:00,53.0,61.179245283018865
2024-02-04 08:00:00,46.0,56.80434782608695
2024-02-04 08:15:00,49.0,56.755102040816325
2024-02-04 08:30:00,46.0,56.80434782608695
2024-02-04 08:45:00,44.0,56.84090909090909
2024-02-04 09:00:00,51.0,49.1764705882353
2024-02-04 09:15:00,46.0,49.630434782608695
2024-02-04 09:30:00,51.0,47.92156862745098
2024-02-04 09:45:00,54.0,46.85925925925926
2024-02-04 10:00:00,50.0,17.025
2024-02-04 10:15:00,50.0,17.025
2024-02-04 10:30:00,50.0,17.025
2024-02-04 10:45:00,90.0,11.160555555555554
2024-02-04 11:00:00,45.0,10.022222222222222
2024-02-04 11:15:00,45.0,10.022222222222222
2024-02-04 11:30:00,45.0,10.022222222222222
2024-02-04 11:45:00,45.0,10.022222222222222
2024-02-04 12:00:00,35.0,6.6
2024-02-04 12:15:00,35.0,6.6
2024-02-04 12:30:00,35.0,6.6
2024-02-04 12:45:00,35.0,6.6
2024-02-04 13:00:00,20.0,5.5
2024-02-04 13:15:00,20.0,5.5
2024-02-04 13:30:00,20.0,5.5
2024-02-04 13:45:00,20.0,5.5
2024-02-04 14:00:00,20.0,5.5
2024-02-04 14:15:00,20.0,5.5
2024-02-04 14:30:00,20.0,5.5
2024-02-04 14:45:00,20.0,5.5
2024-02-04 15:00:00,168.0,15.863095238095237
2024-02-04 15:15:00,181.0,15.80110497237569
2024-02-04 15:30:00,204.0,17.5
2024-02-04 15:45:00,199.0,18.015075376884422
2024-02-04 16:00:00,100.0,46.96
2024-02-04 16:15:00,100.0,46.96
2024-02-04 16:30:00,200.0,42.13
2024-02-04 16:45:00,204.0,39.605490196078435
2024-02-04 17:00:00,195.0,68.22025641025641
2024-02-04 17:15:00,100.0,71.0
2024-02-04 17:30:00,100.0,75.0
2024-02-04 17:45:00,100.0,75.0
2024-02-04 18:00:00,100.0,88.0
2024-02-04 18:15:00,100.0,88.0
2024-02-04 18:45:00,32.0,95.05625
2024-02-04 19:00:00,32.0,95.05625
2024-02-04 19:15:00,107.0,97.77383177570093
2024-02-04 19:30:00,107.0,97.77383177570093
2024-02-04 19:45:00,32.0,95.05625
2024-02-04 20:00:00,50.0,93.934
2024-02-04 23:15:00,40.0,70.1
2024-02-04 23:30:00,40.0,70.1
2024-02-04 23:45:00,40.0,70.1
2024-02-05 00:00:00,85.0,54.65
2024-02-05 00:15:00,105.0,54.14523809523809
2024-02-05 00:30:00,105.0,54.14523809523809
2024-02-05 00:45:00,105.0,54.14523809523809
2024-02-05 01:00:00,95.0,54.22315789473684
2024-02-05 01:15:00,95.0,54.22315789473684
2024-02-05 01:30:00,95.0,54.22315789473684
2024-02-05 01:45:00,95.0,54.22315789473684
2024-02-05 02:00:00,100.0,51.9805
2024-02-05 02:15:00,100.0,51.9805
2024-02-05 02:30:00,100.0,51.9805
2024-02-05 02:45:00,100.0,51.9805
2024-02-05 03:00:00,40.0,54.46875
2024-02-05 03:15:00,40.0,54.46875
2024-02-05 03:30:00,40.0,54.46875
2024-02-05 03:45:00,40.0,54.46875
2024-02-05 04:00:00,40.0,54.575
2024-02-05 04:15:00,40.0,54.575
2024-02-05 04:30:00,40.0,54.575
2024-02-05 04:45:00,40.0,54.575
2024-02-05 05:00:00,46.0,60.0
2024-02-05 05:15:00,46.0,60.0
2024-02-05 05:30:00,46.0,60.0
2024-02-05 05:45:00,46.0,60.0
2024-02-05 06:00:00,46.0,60.0
2024-02-05 07:15:00,48.0,96.71666666666665
2024-02-05 09:00:00,75.0,99.0
2024-02-05 09:15:00,75.0,99.0
2024-02-05 09:30:00,75.0,99.0
2024-02-05 10:15:00,50.0,55.36
2024-02-05 10:30:00,50.0,55.33
2024-02-05 10:45:00,50.0,55.29
2024-02-05 11:00:00,51.0,57.24313725490196
2024-02-05 11:15:00,51.0,57.24313725490196
2024-02-05 11:30:00,51.0,57.24313725490196
2024-02-05 11:45:00,51.0,57.24313725490196
2024-02-05 12:00:00,113.0,58.88495575221239
2024-02-05 12:15:00,98.0,56.01887755102041
2024-02-05 12:30:00,99.0,56.02878787878788
2024-02-05 12:45:00,98.0,56.01887755102041
2024-02-05 13:00:00,52.0,51.44230769230769
2024-02-05 13:15:00,53.0,51.41509433962264
2024-02-05 13:30:00,51.0,51.470588235294116
2024-02-05 13:45:00,52.0,50.28846153846154
2024-02-05 14:00:00,57.0,53.63157894736842
2024-02-05 14:15:00,57.0,53.63157894736842
2024-02-05 14:30:00,57.0,53.63157894736842
2024-02-05 14:45:00,57.0,53.63157894736842
2024-02-05 15:00:00,59.0,55.46186440677966
2024-02-05 15:15:00,59.0,55.46186440677966
2024-02-05 15:30:00,44.0,55.61931818181818
2024-02-05 15:45:00,59.0,55.46186440677966
2024-02-05 16:00:00,50.0,77.5
2024-02-06 05:30:00,90.0,56.983333333333334
2024-02-06 05:45:00,100.0,56.871
2024-02-06 06:00:00,95.0,56.78421052631579
2024-02-06 06:15:00,95.0,56.78421052631579
2024-02-06 06:30:00,105.0,57.67523809523809
2024-02-06 06:45:00,105.0,57.67333333333333
2024-02-06 07:00:00,98.0,58.375
2024-02-06 11:45:00,100.0,55.98
2024-02-06 12:00:00,100.0,57.368
2024-02-06 12:15:00,100.0,55.99
2024-02-06 12:30:00,100.0,55.99
2024-02-06 12:45:00,100.0,55.99
2024-02-06 13:00:00,104.0,55.49519230769231
2024-02-06 13:15:00,104.0,55.49519230769231
2024-02-06 13:30:00,92.0,56.71195652173913
2024-02-06 13:45:00,45.0,59.3
2024-02-06 14:45:00,35.0,55.0
2024-02-06 15:00:00,45.0,59.3
2024-02-06 15:15:00,45.0,59.3
2024-02-06 15:30:00,45.0,59.3
2024-02-06 15:45:00,45.0,59.3
2024-02-06 16:00:00,50.0,60.09
2024-02-06 16:15:00,50.0,60.09
2024-02-06 16:30:00,29.0,65.26344827586206
2024-02-06 16:45:00,29.0,65.26344827586206
2024-02-06 17:00:00,35.0,64.28
2024-02-06 17:15:00,35.0,64.27428571428571
2024-02-06 17:30:00,50.0,63.468999999999994
2024-02-06 17:45:00,50.0,63.523
2024-02-07 07:15:00,50.0,91.5424
2024-02-07 07:30:00,50.0,91.54439999999998
2024-02-07 07:45:00,50.0,91.5414
2024-02-07 08:00:00,50.0,94.95700000000001
2024-02-07 08:30:00,50.0,68.26899999999999
2024-02-07 08:45:00,50.0,68.269
2024-02-07 09:00:00,30.0,68.395
2024-02-07 09:15:00,30.0,68.375
2024-02-07 09:30:00,30.0,68.38333333333334
2024-02-07 09:45:00,30.0,68.36666666666666
2024-02-07 14:00:00,398.0,100.5158040201005
2024-02-07 14:15:00,398.0,100.5158040201005
2024-02-07 14:30:00,398.0,100.5158040201005
2024-02-07 14:45:00,341.0,99.73052785923754
2024-02-07 15:00:00,31.0,86.0
2024-02-07 15:15:00,100.0,79.911
2024-02-07 15:30:00,100.0,79.911
2024-02-07 15:45:00,100.0,79.911
2024-02-07 16:00:00,65.0,73.99076923076923
2024-02-07 16:15:00,65.0,73.99538461538461
2024-02-07 16:30:00,65.0,73.99692307692308
2024-02-07 17:00:00,80.0,92.0
2024-02-07 17:15:00,80.0,92.0
2024-02-07 17:30:00,80.0,92.0
2024-02-07 17:45:00,80.0,92.0
2024-02-07 18:00:00,85.0,89.3529411764706
2024-02-07 18:15:00,40.0,91.0
2024-02-07 21:45:00,100.0,76.9997
2024-02-07 22:45:00,95.0,62.765263157894736
2024-02-07 23:00:00,40.0,90.0685
2024-02-07 23:15:00,40.0,90.067
2024-02-07 23:30:00,30.0,63.13
2024-02-07 23:45:00,143.0,58.84475524475524
2024-02-08 00:00:00,73.0,58.726027397260275
2024-02-08 00:15:00,73.0,58.726027397260275
2024-02-08 00:45:00,73.0,58.726027397260275
2024-02-08 13:30:00,40.0,98.3
2024-02-08 13:45:00,50.0,71.58
2024-02-08 14:00:00,40.0,98.3
2024-02-08 14:15:00,50.0,77.02600000000001
2024-02-08 14:30:00,100.0,72.553
2024-02-08 14:45:00,140.0,69.17357142857142
2024-02-08 15:00:00,150.0,72.134
2024-02-08 15:15:00,150.0,72.13133333333334
2024-02-08 15:30:00,200.0,69.3435
2024-02-08 15:45:00,263.0,66.61825095057034
2024-02-08 16:00:00,150.0,81.53333333333333
2024-02-08 16:15:00,150.0,81.53333333333333
2024-02-08 16:30:00,150.0,81.53333333333333
2024-02-08 16:45:00,100.0,81.8
2024-02-08 17:00:00,100.0,84.4
2024-02-08 17:15:00,100.0,84.4
2024-02-08 17:30:00,100.0,84.4
2024-02-08 17:45:00,100.0,84.4
2024-02-08 18:30:00,50.0,82.4
2024-02-08 18:45:00,50.0,82.4
2024-02-08 19:00:00,45.0,82.22222222222223
2024-02-08 19:15:00,45.0,82.22222222222223
2024-02-08 19:45:00,45.0,82.22222222222223
2024-02-08 20:00:00,50.0,74.41
2024-02-08 20:15:00,50.0,74.41
2024-02-08 20:30:00,50.0,74.41
2024-02-08 20:45:00,50.0,74.41
2024-02-08 21:00:00,45.0,69.09555555555555
2024-02-08 21:15:00,45.0,69.09555555555555
2024-02-08 21:30:00,35.0,70.66
2024-02-08 21:45:00,35.0,70.66
2024-02-08 22:00:00,10.0,70.0
2024-02-08 22:15:00,140.0,65.80678571428571
2024-02-08 22:30:00,150.0,65.451
2024-02-08 22:45:00,110.0,66.36363636363636
2024-02-08 23:00:00,100.0,66.0
2024-02-08 23:15:00,100.0,66.0
2024-02-08 23:30:00,100.0,66.0
2024-02-08 23:45:00,140.0,65.0
2024-02-09 00:00:00,150.0,60.374
2024-02-09 00:15:00,207.0,57.747826086956515
2024-02-09 00:30:00,105.0,61.51428571428571
2024-02-09 00:45:00,105.0,61.51428571428571
2024-02-09 01:00:00,95.0,60.97894736842105
2024-02-09 01:15:00,95.0,60.97894736842105
2024-02-09 01:30:00,95.0,60.97894736842105
2024-02-09 01:45:00,95.0,60.97894736842105
2024-02-09 02:00:00,95.0,60.97894736842105
2024-02-09 02:15:00,145.0,59.675862068965515
2024-02-09 02:30:00,145.0,59.675862068965515
2024-02-09 02:45:00,95.0,60.97894736842105
2024-02-09 03:00:00,95.0,60.97894736842105
2024-02-09 03:15:00,95.0,60.97894736842105
2024-02-09 03:30:00,95.0,60.97894736842105
2024-02-09 03:45:00,95.0,60.97894736842105
2024-02-09 04:00:00,90.0,62.455555555555556
2024-02-09 04:15:00,150.0,60.906666666666666
2024-02-09 04:30:00,140.0,61.114285714285714
2024-02-09 04:45:00,140.0,61.114285714285714
2024-02-09 05:00:00,138.0,61.07101449275362
2024-02-09 05:15:00,138.0,61.07101449275362
2024-02-09 05:30:00,138.0,61.07101449275362
2024-02-09 05:45:00,138.0,61.07101449275362
2024-02-09 06:00:00,150.0,59.60333333333333
2024-02-09 06:15:00,150.0,59.60333333333333
2024-02-09 06:30:00,150.0,60.01800000000001
2024-02-09 06:45:00,140.0,60.42428571428571
2024-02-09 07:00:00,137.0,67.6551094890511
2024-02-09 07:15:00,137.0,67.6551094890511
2024-02-09 07:30:00,152.0,67.50164473684211
2024-02-09 07:45:00,162.0,67.63240740740741
2024-02-09 08:00:00,141.0,71.18262411347517
2024-02-09 08:15:00,45.0,74.53333333333333
2024-02-09 08:30:00,45.0,74.53333333333333
2024-02-09 08:45:00,45.0,74.53333333333333
2024-02-09 09:00:00,55.0,73.36363636363636
2024-02-09 09:15:00,49.0,73.53061224489795
2024-02-09 09:30:00,56.0,73.33928571428571
2024-02-09 09:45:00,54.0,73.38888888888889
2024-02-09 10:00:00,40.0,73.875
2024-02-09 10:15:00,40.0,73.875
2024-02-09 10:30:00,40.0,73.875
2024-02-09 10:45:00,40.0,73.875
2024-02-09 11:00:00,40.0,73.875
2024-02-09 11:15:00,40.0,73.875
2024-02-09 11:30:00,40.0,73.875
2024-02-09 11:45:00,40.0,73.875
2024-02-09 12:00:00,40.0,72.0
2024-02-09 12:15:00,30.0,95.0
2024-02-09 12:30:00,118.0,97.5293220338983
2024-02-09 12:45:00,118.0,97.53745762711864
2024-02-09 13:00:00,130.0,96.84615384615384
2024-02-09 13:15:00,130.0,96.84615384615384
2024-02-09 13:30:00,130.0,96.84615384615384
2024-02-09 13:45:00,130.0,96.84615384615384
2024-02-09 14:00:00,120.0,96.91666666666667
2024-02-09 14:15:00,100.0,96.5
2024-02-09 14:30:00,100.0,96.5
2024-02-09 14:45:00,100.0,96.5
2024-02-09 15:00:00,90.0,96.88888888888889
2024-02-09 15:15:00,100.0,97.0
2024-02-09 15:45:00,50.0,63.27
2024-02-09 16:15:00,48.0,75.78958333333333
2024-02-09 16:30:00,95.0,68.85263157894737
2024-02-09 16:45:00,150.0,65.13333333333334
2024-02-09 17:00:00,121.0,85.0
2024-02-09 17:15:00,127.0,85.0
2024-02-09 17:30:00,50.0,85.0
2024-02-09 17:45:00,96.0,85.0
2024-02-09 18:30:00,50.0,94.99
2024-02-09 20:15:00,50.0,60.842
2024-02-09 20:30:00,50.0,60.0
2024-02-09 20:45:00,50.0,60.0
2024-02-09 21:00:00,50.0,61.836000000000006
2024-02-09 21:15:00,50.0,61.836000000000006
2024-02-09 22:15:00,50.0,61.6
2024-02-09 22:30:00,50.0,61.6
2024-02-10 01:15:00,45.0,56.22222222222222
2024-02-10 03:15:00,51.0,59.074509803921565
2024-02-10 03:30:00,50.0,59.07
2024-02-10 07:30:00,40.0,63.0
2024-02-10 07:45:00,40.0,63.0
2024-02-10 11:00:00,290.0,84.6948275862069
2024-02-10 11:15:00,300.0,85.33833333333334
2024-02-10 12:00:00,301.0,56.45295681063123
2024-02-10 12:15:00,300.0,56.44346666666667
2024-02-10 12:30:00,447.0,49.958143176733785
2024-02-10 12:45:00,445.0,49.91615730337078
2024-02-10 13:00:00,147.0,57.871428571428574
2024-02-10 13:15:00,145.0,57.851724137931036
2024-02-10 18:30:00,50.0,91.1986
2024-02-10 18:45:00,50.0,91.1986
2024-02-10 19:00:00,50.0,85.42
2024-02-10 19:15:00,50.0,85.42
2024-02-10 19:30:00,50.0,85.42
2024-02-10 19:45:00,50.0,85.42
2024-02-10 20:15:00,45.0,63.96333333333333
2024-02-10 20:30:00,92.0,61.580978260869564
2024-02-10 20:45:00,145.0,60.04724137931035
2024-02-10 21:15:00,50.0,57.2
2024-02-10 21:30:00,100.0,51.678900000000006
2024-02-10 21:45:00,160.0,46.4630625
2024-02-10 22:00:00,53.0,84.12433962264151
2024-02-10 22:30:00,111.0,59.52972972972972
2024-02-10 22:45:00,100.0,59.885
2024-02-10 23:45:00,40.0,59.0
2024-02-11 00:00:00,45.0,46.370000000000005
2024-02-11 00:15:00,45.0,46.370000000000005
2024-02-11 00:30:00,45.0,46.370000000000005
2024-02-11 01:30:00,43.0,74.0
2024-02-11 01:45:00,44.0,74.0
2024-02-11 02:00:00,40.0,72.0
2024-02-11 02:15:00,40.0,72.0
2024-02-11 02:30:00,40.0,72.0
2024-02-11 02:45:00,40.0,72.0
2024-02-11 03:00:00,50.0,73.76
2024-02-11 03:15:00,50.0,73.76
2024-02-11 04:00:00,50.0,73.76
2024-02-11 04:15:00,50.0,73.76
2024-02-11 04:30:00,50.0,73.76
2024-02-11 04:45:00,50.0,73.76
2024-02-11 05:00:00,40.0,72.0
2024-02-11 05:15:00,40.0,72.0
2024-02-11 11:45:00,100.0,44.345
2024-02-11 12:00:00,98.0,50.79795918367347
2024-02-11 12:15:00,96.0,50.737500000000004
2024-02-11 12:30:00,96.0,50.729687500000004
2024-02-11 12:45:00,110.0,50.06045454545454
2024-02-11 13:00:00,95.0,47.381052631578946
2024-02-11 13:15:00,95.0,47.387368421052635
2024-02-11 13:30:00,95.0,47.37947368421053
2024-02-11 13:45:00,95.0,47.385789473684206
2024-02-11 14:00:00,95.0,46.91894736842105
2024-02-11 14:15:00,95.0,46.92368421052632
2024-02-11 14:30:00,95.0,46.91263157894737
2024-02-11 14:45:00,95.0,46.91894736842105
2024-02-11 15:00:00,110.0,48.183181818181815
2024-02-11 15:15:00,85.0,49.00176470588235
2024-02-11 15:30:00,90.0,50.66833333333333
2024-02-11 15:45:00,153.0,49.942156862745094
2024-02-11 16:00:00,159.0,54.148930817610065
2024-02-11 16:15:00,149.0,54.42255033557047
2024-02-11 16:30:00,149.0,54.431409395973155
2024-02-11 16:45:00,149.0,54.42818791946309
2024-02-11 17:00:00,146.0,58.865753424657534
2024-02-11 18:30:00,57.0,93.5840350877193
2024-02-11 18:45:00,57.0,93.5840350877193
2024-02-11 19:00:00,33.0,90.2009090909091
2024-02-11 19:15:00,33.0,90.2009090909091
2024-02-11 19:30:00,33.0,90.2009090909091
2024-02-11 19:45:00,73.0,91.18671232876713
2024-02-11 20:00:00,89.0,89.71516853932584
2024-02-11 20:15:00,91.0,89.72142857142856
2024-02-11 20:30:00,100.0,89.7465
2024-02-11 20:45:00,101.0,89.74900990099009
2024-02-11 21:00:00,50.0,87.4262
2024-02-11 21:45:00,96.0,60.453854166666666
2024-02-11 22:00:00,100.0,58.4965
2024-02-11 22:15:00,100.0,58.4735
2024-02-11 22:30:00,98.0,58.45102040816327
2024-02-11 22:45:00,45.0,59.0
2024-02-11 23:00:00,51.0,55.0
2024-02-11 23:15:00,49.0,55.0
2024-02-11 23:30:00,47.0,55.0
2024-02-11 23:45:00,45.0,55.0
2024-02-12 00:00:00,45.0,59.0
2024-02-12 00:15:00,45.0,59.0
2024-02-12 00:30:00,45.0,59.0
2024-02-12 00:45:00,45.0,59.0
2024-02-12 01:00:00,97.0,56.63958762886598
2024-02-12 01:15:00,97.0,56.63958762886598
2024-02-12 01:30:00,150.0,52.385866666666665
2024-02-12 01:45:00,170.0,50.964
2024-02-12 02:00:00,50.0,48.102
2024-02-12 02:15:00,70.0,46.07285714285714
2024-02-12 02:30:00,149.0,39.42751677852349
2024-02-12 02:45:00,213.0,34.3112676056338
2024-02-12 03:00:00,35.0,45.25714285714286
2024-02-12 03:15:00,99.0,38.23838383838384
2024-02-12 03:30:00,119.0,37.1983193277311
2024-02-12 03:45:00,119.0,37.1983193277311
2024-02-12 04:00:00,97.0,56.52824742268041
2024-02-12 04:15:00,99.0,56.57818181818182
2024-02-12 04:30:00,133.0,53.79533834586466
2024-02-12 04:45:00,135.0,53.87244444444444
2024-02-12 10:15:00,58.0,77.10775862068965
2024-02-12 10:30:00,58.0,77.10775862068965
2024-02-12 10:45:00,57.0,77.10964912280701
2024-02-12 11:00:00,73.0,64.09671232876713
2024-02-12 11:15:00,73.0,64.09671232876711
2024-02-12 11:30:00,158.0,61.35481012658227
2024-02-12 11:45:00,158.0,61.338987341772146
2024-02-12 12:15:00,3.0,66.51
2024-02-12 17:30:00,90.0,79.89555555555556
2024-02-12 17:45:00,90.0,79.89555555555556
2024-02-12 21:15:00,65.0,64.25384615384615
2024-02-12 21:30:00,65.0,64.25384615384615
2024-02-12 21:45:00,65.0,64.25384615384615
2024-02-12 22:00:00,47.0,63.384255319148934
2024-02-12 22:15:00,47.0,63.384255319148934
2024-02-12 22:30:00,47.0,63.384255319148934
2024-02-12 22:45:00,47.0,63.384255319148934
2024-02-12 23:00:00,50.0,59.2
2024-02-12 23:15:00,40.0,60.0
2024-02-12 23:30:00,40.0,60.0
2024-02-12 23:45:00,40.0,60.0
2024-02-13 00:00:00,120.0,59.43333333333333
2024-02-13 00:15:00,120.0,59.43333333333333
2024-02-13 00:30:00,120.0,59.43333333333333
2024-02-13 00:45:00,50.0,60.53
2024-02-13 01:00:00,50.0,60.244
2024-02-13 01:15:00,50.0,60.244
2024-02-13 06:45:00,50.0,82.04
2024-02-13 07:45:00,60.0,93.7
2024-02-13 08:00:00,102.0,94.71960784313725
2024-02-13 08:15:00,102.0,94.71960784313725
2024-02-13 08:30:00,60.0,92.5
2024-02-13 08:45:00,50.0,69.599
2024-02-13 09:30:00,135.0,65.57037037037037
2024-02-13 09:45:00,184.0,64.12771739130434
2024-02-13 10:00:00,205.0,60.451219512195124
2024-02-13 10:15:00,265.0,58.34
2024-02-13 10:30:00,275.0,58.036727272727276
2024-02-13 10:45:00,265.0,57.773962264150946
2024-02-13 11:00:00,255.0,49.119019607843136
2024-02-13 11:15:00,300.0,43.58566666666667
2024-02-13 11:30:00,300.0,43.58566666666667
2024-02-13 11:45:00,295.0,44.07016949152543
2024-02-13 12:00:00,321.0,44.07788161993769
2024-02-13 12:15:00,338.0,38.87825443786982
2024-02-13 12:30:00,230.0,47.74782608695652
2024-02-13 12:45:00,230.0,47.74782608695652
2024-02-13 13:00:00,319.0,38.225705329153605
2024-02-13 13:15:00,349.0,39.2378223495702
2024-02-13 13:30:00,321.0,35.50965732087228
2024-02-13 13:45:00,290.0,45.02758620689655
2024-02-13 14:00:00,334.0,38.27245508982036
2024-02-13 14:15:00,310.0,44.770967741935486
2024-02-13 14:30:00,320.0,45.71875
2024-02-13 14:45:00,285.0,49.280701754385966
2024-02-13 15:00:00,245.0,49.157346938775504
2024-02-13 15:15:00,245.0,49.157346938775504
2024-02-13 15:30:00,245.0,49.157346938775504
2024-02-13 15:45:00,250.0,48.7842
2024-02-13 16:00:00,150.0,64.225
2024-02-13 16:15:00,150.0,64.225
2024-02-13 16:30:00,150.0,64.225
2024-02-13 16:45:00,150.0,64.225
2024-02-13 17:00:00,120.0,72.47858333333333
2024-02-13 17:15:00,120.0,72.47858333333333
2024-02-13 17:30:00,80.0,73.946875
2024-02-13 17:45:00,80.0,73.946875
2024-02-14 00:00:00,42.0,57.0
2024-02-14 00:15:00,42.0,57.0
2024-02-14 03:15:00,55.0,52.336363636363636
2024-02-14 03:30:00,55.0,52.336363636363636
2024-02-14 03:45:00,55.0,52.336363636363636
2024-02-14 04:00:00,80.0,50.04375
2024-02-14 04:15:00,80.0,50.04375
2024-02-14 04:30:00,80.0,50.04375
2024-02-14 04:45:00,80.0,50.04375
2024-02-14 05:00:00,87.0,54.05172413793103
2024-02-14 05:15:00,87.0,54.05172413793103
2024-02-14 05:30:00,87.0,54.05172413793103
2024-02-14 05:45:00,87.0,54.05172413793103
2024-02-14 06:00:00,69.0,60.80898550724637
2024-02-14 06:15:00,69.0,60.80898550724637
2024-02-14 11:15:00,67.0,57.87313432835821
2024-02-14 11:30:00,132.0,54.95454545454545
2024-02-14 11:45:00,172.0,54.104651162790695
2024-02-14 12:00:00,101.0,57.584158415841586
2024-02-14 12:15:00,127.0,56.25196850393701
2024-02-14 13:15:00,53.0,57.20754716981132
2024-02-14 13:30:00,42.0,57.0
2024-02-14 14:15:00,174.0,89.00373563218392
2024-02-14 14:30:00,277.0,91.58880866425993
2024-02-14 14:45:00,277.0,91.58682310469314
2024-02-14 15:00:00,180.0,86.40805555555556
2024-02-14 15:15:00,100.0,83.7
2024-02-14 15:30:00,100.0,83.7
2024-02-14 15:45:00,53.0,82.02452830188679
2024-02-14 16:00:00,111.0,87.56711711711712
2024-02-14 16:15:00,111.0,87.56306306306307
2024-02-14 16:30:00,30.0,84.61
2024-02-14 16:45:00,30.0,84.61
2024-02-14 17:00:00,25.0,93.406
2024-02-14 17:15:00,115.0,101.28652173913044
2024-02-14 17:30:00,148.0,117.73040540540539
2024-02-14 17:45:00,200.0,130.78275
2024-02-14 18:00:00,280.0,102.48928571428571
2024-02-14 18:15:00,65.0,93.58461538461539
2024-02-14 19:15:00,67.0,91.35149253731343
2024-02-14 20:45:00,93.0,60.53870967741936
2024-02-14 23:30:00,65.0,72.46923076923076
2024-02-14 23:45:00,65.0,72.46923076923076
2024-02-15 00:00:00,69.0,62.26956521739131
2024-02-15 00:30:00,69.0,62.26956521739131
2024-02-15 00:45:00,69.0,62.26956521739131
2024-02-15 01:00:00,68.0,63.18529411764706
2024-02-15 01:45:00,40.0,57.0
2024-02-15 02:00:00,40.0,57.0
2024-02-15 02:15:00,40.0,57.0
2024-02-15 06:15:00,50.0,45.6894
2024-02-15 06:30:00,50.0,45.6894
2024-02-15 06:45:00,50.0,45.6894
2024-02-15 07:00:00,86.0,90.75627906976744
2024-02-15 07:15:00,86.0,90.75627906976744
2024-02-15 07:30:00,86.0,90.75627906976744
2024-02-15 07:45:00,86.0,90.75627906976746
2024-02-15 08:00:00,55.0,89.2890909090909
2024-02-15 08:15:00,55.0,89.2890909090909
2024-02-15 08:30:00,55.0,89.2890909090909
2024-02-15 08:45:00,53.0,69.65245283018868
2024-02-15 09:00:00,48.0,61.10104166666667
2024-02-15 09:15:00,100.0,58.511900000000004
2024-02-15 09:30:00,100.0,58.511900000000004
2024-02-15 09:45:00,151.0,57.124569536423834
2024-02-15 10:00:00,151.0,52.13344370860927
2024-02-15 10:15:00,151.0,52.13344370860927
2024-02-15 10:30:00,151.0,52.13344370860927
2024-02-15 10:45:00,226.0,50.84137168141593
2024-02-15 11:00:00,194.0,42.86030927835051
2024-02-15 11:15:00,194.0,42.86030927835051
2024-02-15 11:30:00,194.0,42.86030927835051
2024-02-15 11:45:00,189.0,43.597354497354495
2024-02-15 12:00:00,149.0,48.31946308724832
2024-02-15 12:15:00,108.0,49.111111111111114
2024-02-15 12:45:00,50.0,49.88
2024-02-15 13:00:00,150.0,49.306666666666665
2024-02-15 13:15:00,150.0,49.32
2024-02-15 13:30:00,50.0,50.44
2024-02-15 13:45:00,50.0,50.44
2024-02-15 14:00:00,65.0,53.36923076923077
2024-02-15 14:15:00,65.0,53.36923076923077
2024-02-15 14:30:00,65.0,53.36923076923077
2024-02-15 15:15:00,50.0,78.45
2024-02-15 15:30:00,50.0,78.45
2024-02-15 15:45:00,50.0,78.45
2024-02-15 16:00:00,50.0,83.90360000000001
2024-02-15 16:15:00,99.0,85.25080808080808
2024-02-15 16:30:00,99.0,85.25080808080808
2024-02-15 16:45:00,99.0,85.25080808080808
2024-02-15 17:00:00,100.0,90.4181
2024-02-15 17:15:00,100.0,90.4181
2024-02-15 17:30:00,61.0,89.59245901639345
2024-02-15 17:45:00,61.0,89.59245901639345
2024-02-15 18:30:00,36.0,69.97222222222223
2024-02-15 18:45:00,36.0,69.97222222222223
2024-02-15 19:00:00,50.0,66.4492
2024-02-15 19:15:00,50.0,66.4492
2024-02-15 19:30:00,50.0,66.4492
2024-02-15 19:45:00,50.0,66.4492
2024-02-15 20:00:00,50.0,53.55
2024-02-15 20:15:00,50.0,53.55
2024-02-15 20:30:00,50.0,53.53
2024-02-15 20:45:00,50.0,53.53
2024-02-15 21:00:00,45.0,53.63333333333333
2024-02-15 21:15:00,45.0,53.63333333333333
2024-02-16 00:15:00,40.0,55.0
2024-02-16 00:30:00,40.0,55.0
2024-02-16 00:45:00,50.0,53.4
2024-02-16 01:00:00,40.0,55.0
2024-02-16 01:15:00,40.0,55.0
2024-02-16 01:45:00,50.0,53.4
2024-02-16 02:00:00,50.0,54.0
2024-02-16 02:15:00,50.0,54.0
2024-02-16 02:30:00,50.0,54.0
2024-02-16 02:45:00,50.0,54.0
2024-02-16 03:00:00,40.0,55.0
2024-02-16 04:00:00,55.0,52.81818181818182
2024-02-16 04:15:00,82.0,50.90243902439025
2024-02-16 04:30:00,65.0,51.92307692307692
2024-02-16 04:45:00,80.0,51.0
2024-02-16 05:00:00,82.0,50.90243902439025
2024-02-16 07:00:00,100.0,55.205
2024-02-16 07:15:00,100.0,55.205
2024-02-16 08:45:00,50.0,55.54559999999999
2024-02-16 09:00:00,50.0,53.4
2024-02-16 09:15:00,50.0,53.4
2024-02-16 09:30:00,50.0,53.4
2024-02-16 09:45:00,97.0,50.29896907216495
2024-02-16 10:00:00,84.0,56.04761904761905
2024-02-16 10:15:00,84.0,56.04761904761905
2024-02-16 10:30:00,84.0,56.04761904761905
2024-02-16 10:45:00,100.0,54.6
2024-02-16 11:00:00,82.0,48.951219512195124
2024-02-16 11:15:00,82.0,48.951219512195124
2024-02-16 11:30:00,50.0,50.2
2024-02-16 11:45:00,50.0,50.2
2024-02-16 12:00:00,50.0,77.0774
2024-02-16 12:15:00,100.0,78.2243
2024-02-16 12:30:00,147.0,79.0938775510204
2024-02-16 12:45:00,100.0,78.2273
2024-02-16 13:00:00,100.0,77.9975
2024-02-16 13:15:00,100.0,78.00099999999999
2024-02-16 13:30:00,50.0,76.6962
2024-02-16 14:15:00,50.0,49.6
2024-02-16 14:30:00,100.0,48.42
2024-02-16 14:45:00,90.0,48.577777777777776
2024-02-16 15:00:00,45.0,50.74444444444445
2024-02-16 15:15:00,115.0,48.8304347826087
2024-02-16 15:30:00,115.0,48.8304347826087
2024-02-16 15:45:00,85.0,49.45294117647059
2024-02-16 16:00:00,90.0,53.97222222222222
2024-02-16 16:15:00,95.0,53.60526315789474
2024-02-16 16:30:00,100.0,54.225
2024-02-16 16:45:00,70.0,56.06428571428572
2024-02-16 17:00:00,113.0,51.81566371681416
2024-02-16 17:15:00,113.0,51.91300884955752
2024-02-16 17:30:00,115.0,52.00147826086957
2024-02-16 17:45:00,91.0,53.65021978021978
2024-02-16 18:00:00,53.0,65.0
2024-02-16 18:15:00,58.0,65.0
2024-02-16 20:00:00,65.0,58.15
2024-02-16 20:15:00,65.0,58.15
2024-02-16 20:30:00,65.0,58.15
2024-02-16 20:45:00,65.0,58.15
2024-02-16 21:00:00,34.0,55.12911764705882
2024-02-16 21:15:00,34.0,55.12911764705882
2024-02-16 21:45:00,94.0,51.855212765957454
2024-02-16 22:15:00,78.0,79.18166666666667
2024-02-16 23:30:00,30.0,50.0
2024-02-16 23:45:00,102.0,49.05882352941177
2024-02-17 00:00:00,46.0,77.80673913043478
2024-02-17 00:15:00,43.0,77.98953488372092
2024-02-17 00:45:00,80.0,55.5
2024-02-17 01:00:00,74.0,41.075675675675676
2024-02-17 01:45:00,77.0,44.38961038961039
2024-02-17 02:00:00,86.0,47.0
2024-02-17 02:15:00,86.0,47.0
2024-02-17 02:30:00,86.0,47.0
2024-02-17 02:45:00,101.0,46.16831683168317
2024-02-17 03:00:00,106.0,47.0188679245283
2024-02-17 03:15:00,96.0,47.020833333333336
2024-02-17 03:30:00,64.0,47.03125
2024-02-17 03:45:00,52.0,47.03846153846154
2024-02-17 04:15:00,40.0,50.275
2024-02-17 04:30:00,62.0,49.11290322580645
2024-02-17 07:45:00,40.0,60.0
2024-02-17 08:00:00,85.0,65.0
2024-02-17 08:15:00,85.0,65.0
2024-02-17 08:30:00,85.0,65.0
2024-02-17 08:45:00,85.0,65.0
2024-02-17 09:00:00,60.0,57.0
2024-02-17 09:15:00,60.0,57.0
2024-02-17 09:30:00,60.0,57.0
2024-02-17 09:45:00,60.0,57.0
2024-02-17 10:00:00,75.0,55.306666666666665
2024-02-17 10:15:00,75.0,55.306666666666665
2024-02-17 10:30:00,75.0,55.306666666666665
2024-02-17 10:45:00,75.0,55.306666666666665
2024-02-17 11:00:00,77.0,44.62987012987013
2024-02-17 11:15:00,176.0,32.330681818181816
2024-02-17 11:30:00,176.0,33.467045454545456
2024-02-17 11:45:00,176.0,33.467045454545456
2024-02-17 12:00:00,186.0,49.74193548387097
2024-02-17 12:15:00,186.0,49.74193548387097
2024-02-17 12:30:00,186.0,49.74193548387097
2024-02-17 12:45:00,186.0,49.74193548387097
2024-02-17 13:00:00,180.0,48.27777777777778
2024-02-17 13:15:00,250.0,44.8544
2024-02-17 13:30:00,250.0,44.8544
2024-02-17 13:45:00,250.0,44.8544
2024-02-17 14:00:00,145.0,53.03448275862069
2024-02-17 14:15:00,248.0,50.2241935483871
2024-02-17 14:30:00,248.0,50.2241935483871
2024-02-17 14:45:00,266.0,51.244360902255636
2024-02-17 15:00:00,178.0,46.528651685393264
2024-02-17 15:15:00,126.0,48.55952380952381
2024-02-17 15:30:00,126.0,48.55952380952381
2024-02-17 15:45:00,126.0,48.55952380952381
2024-02-17 16:00:00,133.0,50.96112781954887
2024-02-17 16:15:00,116.0,51.54163793103448
2024-02-17 16:30:00,130.0,67.12407692307693
2024-02-17 16:45:00,130.0,67.12407692307693
2024-02-17 19:15:00,40.0,87.0
2024-02-17 19:30:00,40.0,87.0
2024-02-17 19:45:00,40.0,87.0
2024-02-17 20:00:00,50.0,81.0
2024-02-17 20:15:00,50.0,81.0
2024-02-18 01:00:00,79.0,44.9746835443038
2024-02-18 01:15:00,79.0,44.9746835443038
2024-02-18 01:30:00,84.0,44.541666666666664
2024-02-18 01:45:00,84.0,44.541666666666664
2024-02-18 02:00:00,116.0,40.6551724137931
2024-02-18 02:15:00,116.0,40.6551724137931
2024-02-18 02:30:00,106.0,41.660377358490564
2024-02-18 02:45:00,106.0,41.660377358490564
2024-02-18 03:00:00,101.0,42.04950495049505
2024-02-18 03:15:00,106.0,41.632075471698116
2024-02-18 03:30:00,106.0,41.632075471698116
2024-02-18 03:45:00,114.0,40.81578947368421
2024-02-18 04:00:00,150.0,38.8
2024-02-18 04:15:00,150.0,38.8
2024-02-18 04:30:00,130.0,40.84615384615385
2024-02-18 04:45:00,130.0,40.84615384615385
2024-02-18 05:15:00,64.0,45.7578125
2024-02-18 05:30:00,64.0,45.7578125
2024-02-18 05:45:00,64.0,45.7578125
2024-02-18 06:00:00,107.0,38.700934579439256
2024-02-18 06:15:00,107.0,38.700934579439256
2024-02-18 06:30:00,107.0,38.700934579439256
2024-02-18 06:45:00,107.0,38.700934579439256
2024-02-18 07:00:00,111.0,42.4954954954955
2024-02-18 07:15:00,111.0,42.4954954954955
2024-02-18 07:30:00,111.0,42.4954954954955
2024-02-18 07:45:00,111.0,42.4954954954955
2024-02-18 08:00:00,128.0,41.483125
2024-02-18 08:15:00,59.0,45.644067796610166
2024-02-18 08:30:00,59.0,45.644067796610166
2024-02-18 08:45:00,59.0,45.644067796610166
2024-02-18 09:00:00,45.0,49.22222222222222
2024-02-18 09:15:00,45.0,49.22222222222222
2024-02-18 09:30:00,50.0,49.0
2024-02-18 09:45:00,50.0,49.0
2024-02-18 10:00:00,50.0,41.8
2024-02-18 10:15:00,100.0,27.915
2024-02-18 10:30:00,100.0,27.915
2024-02-18 10:45:00,100.0,27.915
2024-02-18 11:00:00,60.0,27.341666666666665
2024-02-18 11:15:00,60.0,27.341666666666665
2024-02-18 11:30:00,60.0,27.341666666666665
2024-02-18 11:45:00,60.0,27.341666666666665
2024-02-18 12:00:00,55.0,16.381818181818183
2024-02-18 12:15:00,55.0,16.381818181818183
2024-02-18 12:30:00,55.0,16.381818181818183
2024-02-18 12:45:00,55.0,16.381818181818183
2024-02-18 13:00:00,45.0,19.56111111111111
2024-02-18 13:15:00,45.0,19.567777777777778
2024-02-18 13:30:00,45.0,19.59111111111111
2024-02-18 13:45:00,45.0,19.59111111111111
2024-02-18 14:00:00,30.0,6.866666666666666
2024-02-18 14:15:00,30.0,6.866666666666666
2024-02-18 16:30:00,152.0,29.07236842105263
2024-02-18 16:45:00,152.0,29.07236842105263
2024-02-18 17:00:00,49.0,47.816326530612244
2024-02-18 17:15:00,59.0,47.67796610169491
2024-02-18 17:30:00,59.0,47.67796610169491
2024-02-18 17:45:00,49.0,47.816326530612244
2024-02-18 18:00:00,45.0,48.44444444444444
2024-02-18 18:15:00,45.0,48.44444444444444
2024-02-18 18:30:00,45.0,48.44444444444444
2024-02-18 18:45:00,45.0,48.44444444444444
2024-02-18 19:00:00,45.0,48.44444444444444
2024-02-18 19:15:00,45.0,48.44444444444444
2024-02-18 19:30:00,30.0,48.666666666666664
2024-02-18 19:45:00,30.0,48.666666666666664
2024-02-18 20:00:00,29.0,47.0
2024-02-18 20:15:00,29.0,47.0
2024-02-18 20:30:00,39.0,47.0
2024-02-18 20:45:00,29.0,47.0
2024-02-18 21:00:00,54.0,47.27777777777778
2024-02-18 21:15:00,54.0,47.27777777777778
2024-02-18 21:30:00,54.0,47.27777777777778
2024-02-18 21:45:00,54.0,47.27777777777778
2024-02-18 22:00:00,56.0,48.75
2024-02-18 22:15:00,72.0,48.236111111111114
2024-02-18 22:30:00,69.0,47.72463768115942
2024-02-18 22:45:00,59.0,47.33898305084746
2024-02-18 23:00:00,59.0,47.33898305084746
2024-02-18 23:15:00,59.0,47.33898305084746
2024-02-18 23:30:00,59.0,47.33898305084746
2024-02-18 23:45:00,59.0,47.33898305084746
2024-02-19 00:00:00,59.0,42.813559322033896
2024-02-19 00:15:00,59.0,42.813559322033896
2024-02-19 00:30:00,59.0,42.813559322033896
2024-02-19 00:45:00,59.0,42.813559322033896
2024-02-19 01:00:00,51.0,46.411764705882355
2024-02-19 01:15:00,54.0,46.111111111111114
2024-02-19 01:30:00,63.0,45.76190476190476
2024-02-19 01:45:00,55.0,44.67272727272727
2024-02-19 02:00:00,59.0,32.47457627118644
2024-02-19 02:15:00,59.0,32.47457627118644
2024-02-19 02:30:00,64.0,32.8671875
2024-02-19 02:45:00,64.0,32.8671875
2024-02-19 03:00:00,59.0,34.11864406779661
2024-02-19 03:15:00,84.0,32.57142857142857
2024-02-19 03:30:00,84.0,32.57142857142857
2024-02-19 03:45:00,94.0,31.4468085106383
2024-02-19 04:00:00,99.0,37.78787878787879
2024-02-19 04:15:00,99.0,30.46969696969697
2024-02-19 04:30:00,94.0,29.856382978723403
2024-02-19 04:45:00,94.0,29.856382978723403
2024-02-19 05:00:00,93.0,36.784946236559136
2024-02-19 05:15:00,94.0,36.712765957446805
2024-02-19 05:30:00,100.0,37.675
2024-02-19 05:45:00,100.0,37.675
2024-02-19 06:00:00,100.0,52.8
2024-02-19 06:15:00,40.0,56.5
2024-02-19 06:30:00,40.0,56.5
2024-02-19 06:45:00,40.0,56.5
2024-02-19 07:00:00,50.0,60.8
2024-02-19 07:15:00,50.0,60.8
2024-02-19 07:30:00,50.0,60.8
2024-02-19 07:45:00,50.0,60.8
2024-02-19 08:00:00,30.0,57.88333333333333
2024-02-19 08:15:00,30.0,57.88333333333333
2024-02-19 08:30:00,30.0,57.88333333333333
2024-02-19 08:45:00,30.0,57.88333333333333
2024-02-19 09:00:00,45.0,62.0
2024-02-19 09:15:00,35.0,62.0
2024-02-19 09:30:00,35.0,62.0
2024-02-19 09:45:00,145.0,60.04137931034483
2024-02-19 10:00:00,149.0,50.58724832214765
2024-02-19 10:15:00,174.0,49.5316091954023
2024-02-19 10:30:00,181.0,49.2232044198895
2024-02-19 10:45:00,201.0,47.6910447761194
2024-02-19 11:00:00,200.0,52.6675
2024-02-19 11:15:00,210.0,52.49285714285714
2024-02-19 11:30:00,205.0,54.017073170731706
2024-02-19 11:45:00,205.0,54.017073170731706
2024-02-19 12:00:00,209.0,49.16267942583732
2024-02-19 12:15:00,180.0,49.51111111111111
2024-02-19 12:30:00,200.0,49.26
2024-02-19 12:45:00,130.0,50.47692307692308
2024-02-19 13:00:00,150.0,49.96333333333333
2024-02-19 13:15:00,155.0,49.86774193548387
2024-02-19 14:00:00,600.0,93.49625
2024-02-19 14:15:00,600.0,93.49666666666667
2024-02-19 14:30:00,600.0,93.49716666666667
2024-02-19 14:45:00,593.0,96.5295952782462
2024-02-19 15:00:00,600.0,95.35708333333334
2024-02-19 15:15:00,595.0,96.14638655462184
2024-02-19 15:30:00,595.0,96.14638655462184
2024-02-19 15:45:00,515.0,95.17834951456311
2024-02-19 16:00:00,85.0,55.87647058823529
2024-02-19 16:15:00,194.0,51.618556701030926
2024-02-19 16:30:00,199.0,51.402010050251256
2024-02-19 16:45:00,199.0,51.402010050251256
2024-02-19 17:00:00,200.0,52.2475
2024-02-19 17:15:00,165.0,54.47878787878788
2024-02-19 17:30:00,165.0,54.47878787878788
2024-02-19 17:45:00,50.0,59.46
2024-02-19 22:45:00,65.0,54.23076923076923
2024-02-19 23:00:00,60.0,54.25
2024-02-19 23:15:00,60.0,54.25
2024-02-19 23:30:00,60.0,54.25
2024-02-19 23:45:00,60.0,54.25
2024-02-20 00:00:00,51.0,50.3
2024-02-20 00:15:00,49.0,50.3
2024-02-20 00:30:00,45.0,50.3
2024-02-20 00:45:00,44.0,50.3
2024-02-20 01:00:00,44.0,50.3
2024-02-20 01:15:00,49.0,50.3
2024-02-20 01:30:00,49.0,50.3
2024-02-20 01:45:00,47.0,50.3
2024-02-20 02:00:00,60.0,56.5
2024-02-20 02:15:00,60.0,56.5
2024-02-20 02:30:00,60.0,56.5
2024-02-20 02:45:00,60.0,56.5
2024-02-20 03:00:00,44.0,50.3
2024-02-20 03:15:00,44.0,50.3
2024-02-20 03:30:00,44.0,50.3
2024-02-20 03:45:00,44.0,50.3
2024-02-20 04:00:00,44.0,50.3
2024-02-20 04:15:00,45.0,50.3
2024-02-20 04:30:00,46.0,50.3
2024-02-20 04:45:00,48.0,50.29999999999999
2024-02-20 05:00:00,84.0,49.2047619047619
2024-02-20 05:15:00,88.0,49.25454545454545
2024-02-20 05:30:00,75.0,54.6
2024-02-20 05:45:00,75.0,54.6
2024-02-20 06:00:00,70.0,66.57142857142857
2024-02-20 06:15:00,70.0,66.57142857142857
2024-02-20 06:30:00,70.0,66.57142857142857
2024-02-20 06:45:00,70.0,66.57142857142857
2024-02-20 07:00:00,70.0,73.77142857142857
2024-02-20 07:15:00,68.0,73.88235294117646
2024-02-20 07:30:00,73.0,73.82191780821918
2024-02-20 07:45:00,70.0,73.85714285714286
2024-02-20 08:00:00,80.0,77.5
2024-02-20 08:15:00,80.0,77.5
2024-02-20 08:30:00,80.0,77.5
2024-02-20 08:45:00,80.0,77.5
2024-02-20 09:00:00,70.0,71.42857142857143
2024-02-20 11:15:00,80.0,57.0
2024-02-20 11:30:00,80.0,57.0
2024-02-20 11:45:00,80.0,57.0
2024-02-20 12:00:00,80.0,54.0
2024-02-20 12:15:00,80.0,54.0
2024-02-20 12:30:00,80.0,54.0
2024-02-20 12:45:00,80.0,54.0
2024-02-20 13:00:00,923.0,98.95223185265439
2024-02-20 13:15:00,868.0,95.98036866359448
2024-02-20 13:30:00,867.0,95.99920415224913
2024-02-20 13:45:00,940.0,100.0103829787234
2024-02-20 14:00:00,298.0,80.86466442953021
2024-02-20 14:15:00,296.0,80.96570945945946
2024-02-20 14:30:00,364.0,82.74972527472528
2024-02-20 14:45:00,384.0,83.48463541666668
2024-02-20 15:00:00,382.0,82.34447643979058
2024-02-20 15:15:00,381.0,82.35089238845146
2024-02-20 15:30:00,370.0,85.54594594594595
2024-02-20 15:45:00,298.0,84.4811744966443
2024-02-20 16:00:00,314.0,82.29210191082802
2024-02-20 16:15:00,314.0,82.29066878980892
2024-02-20 16:30:00,313.0,82.30102236421726
2024-02-20 16:45:00,250.0,80.85524000000001
2024-02-20 17:00:00,35.0,69.42857142857143
2024-02-21 07:15:00,32.0,85.9734375
2024-02-21 07:30:00,65.0,86.82000000000001
2024-02-21 07:45:00,105.0,89.29714285714286
2024-02-21 08:00:00,115.0,87.68608695652173
2024-02-21 08:15:00,115.0,87.68782608695652
2024-02-21 08:30:00,115.0,87.68826086956521
2024-02-21 08:45:00,115.0,87.69
2024-02-21 09:00:00,70.0,79.22142857142858
2024-02-21 09:15:00,71.0,79.23098591549295
2024-02-21 09:30:00,50.0,60.374399999999994
2024-02-21 09:45:00,50.0,58.60799999999999
2024-02-21 10:00:00,50.0,55.0
2024-02-21 10:15:00,117.0,55.0
2024-02-21 10:30:00,90.0,55.0
2024-02-21 10:45:00,80.0,55.0
2024-02-21 11:00:00,108.0,51.711111111111116
2024-02-21 11:15:00,156.0,50.7724358974359
2024-02-21 11:30:00,140.0,51.31785714285714
2024-02-21 11:45:00,186.0,49.87311827956989
2024-02-21 12:00:00,177.0,48.0316384180791
2024-02-21 12:15:00,175.0,48.007999999999996
2024-02-21 12:30:00,125.0,49.396
2024-02-21 12:45:00,125.0,49.396
2024-02-21 13:00:00,131.0,44.25190839694657
2024-02-21 13:15:00,131.0,44.25190839694657
2024-02-21 13:30:00,131.0,44.25190839694657
2024-02-21 13:45:00,171.0,43.02456140350877
2024-02-21 14:00:00,152.0,47.37828947368421
2024-02-21 14:15:00,100.0,48.245
2024-02-21 21:30:00,40.0,51.0
2024-02-21 21:45:00,40.0,51.0
2024-02-21 22:00:00,90.0,54.333333333333336
2024-02-21 22:15:00,81.0,54.25925925925926
2024-02-21 22:30:00,112.0,52.408035714285724
2024-02-21 22:45:00,96.0,51.66041666666666
2024-02-21 23:00:00,98.0,47.861224489795916
2024-02-21 23:15:00,99.0,48.13131313131313
2024-02-21 23:30:00,105.0,48.66380952380953
2024-02-21 23:45:00,100.0,46.7756
2024-02-22 00:00:00,90.0,50.5
2024-02-22 00:15:00,88.0,50.50909090909091
2024-02-22 00:30:00,86.0,50.518604651162796
2024-02-22 00:45:00,84.0,50.528571428571425
2024-02-22 01:00:00,84.0,50.528571428571425
2024-02-22 01:15:00,89.0,50.504494382022465
2024-02-22 01:30:00,89.0,50.504494382022465
2024-02-22 01:45:00,87.0,50.513793103448286
2024-02-22 02:00:00,88.0,50.50909090909091
2024-02-22 02:15:00,86.0,50.518604651162796
2024-02-22 02:30:00,85.0,50.523529411764706
2024-02-22 02:45:00,84.0,50.528571428571425
2024-02-22 03:00:00,85.0,50.523529411764706
2024-02-22 03:15:00,84.0,50.528571428571425
2024-02-22 03:30:00,84.0,50.528571428571425
2024-02-22 03:45:00,84.0,50.528571428571425
2024-02-22 04:00:00,84.0,50.528571428571425
2024-02-22 04:15:00,84.0,50.528571428571425
2024-02-22 04:30:00,85.0,50.523529411764706
2024-02-22 04:45:00,87.0,50.513793103448286
2024-02-22 05:00:00,104.0,49.465384615384615
2024-02-22 05:15:00,106.0,49.47735849056604
2024-02-22 05:30:00,110.0,49.5
2024-02-22 05:45:00,115.0,49.52608695652174
2024-02-22 07:00:00,79.0,80.823417721519
2024-02-22 07:15:00,149.0,84.56040268456375
2024-02-22 07:30:00,179.0,85.78519553072626
2024-02-22 07:45:00,169.0,86.16597633136094
2024-02-22 08:00:00,180.0,98.4575
2024-02-22 08:15:00,180.0,98.98722222222223
2024-02-22 08:30:00,180.0,98.98722222222223
2024-02-22 08:45:00,180.0,98.98722222222223
2024-02-22 09:00:00,216.0,86.70347222222223
2024-02-22 09:15:00,222.0,86.55923423423424
2024-02-22 09:30:00,220.0,86.62181818181818
2024-02-22 09:45:00,218.0,86.6848623853211
2024-02-22 10:00:00,162.0,85.66666666666667
2024-02-22 10:15:00,200.0,86.89575
2024-02-22 10:30:00,200.0,86.89475
2024-02-22 10:45:00,161.0,85.63354037267081
2024-02-22 11:00:00,140.0,82.09607142857143
2024-02-22 11:15:00,143.0,81.76524475524475
2024-02-22 11:30:00,143.0,81.76615384615384
2024-02-22 11:45:00,143.0,81.75685314685315
2024-02-22 12:00:00,225.0,78.10555555555555
2024-02-22 12:15:00,227.0,78.11850220264319
2024-02-22 12:30:00,268.0,80.18544776119403
2024-02-22 12:45:00,135.0,77.24444444444444
2024-02-22 13:00:00,165.0,78.76484848484849
2024-02-22 13:15:00,85.0,75.8064705882353
2024-02-22 13:30:00,85.0,75.81411764705882
2024-02-22 13:45:00,105.0,76.41952380952381
2024-02-22 14:00:00,110.0,75.6490909090909
2024-02-22 14:15:00,110.0,75.6509090909091
2024-02-22 14:30:00,110.0,75.65181818181819
2024-02-22 14:45:00,110.0,75.65318181818182
2024-02-22 15:00:00,135.0,76.72555555555556
2024-02-22 15:15:00,135.0,76.72777777777777
2024-02-22 15:30:00,135.0,76.72333333333333
2024-02-22 15:45:00,135.0,76.72888888888889
2024-02-22 16:00:00,120.0,77.74825000000001
2024-02-22 16:15:00,120.0,77.74825000000001
2024-02-22 16:30:00,120.0,77.7475
2024-02-22 16:45:00,120.0,77.74675
2024-02-22 17:00:00,145.0,87.55710344827585
2024-02-22 17:15:00,145.0,87.55710344827585
2024-02-22 17:30:00,145.0,87.55710344827585
2024-02-22 17:45:00,145.0,87.55710344827585
2024-02-22 18:00:00,135.0,86.85185185185185
2024-02-22 18:15:00,165.0,87.68121212121211
2024-02-22 18:30:00,165.0,87.68181818181819
2024-02-22 18:45:00,105.0,86.12714285714286
2024-02-22 19:00:00,81.0,81.3730864197531
2024-02-22 19:15:00,48.0,79.79583333333333
2024-02-22 19:30:00,50.0,79.80000000000001
2024-02-22 20:00:00,35.0,72.42857142857143
2024-02-22 20:15:00,35.0,72.42857142857143
2024-02-22 20:30:00,35.0,72.42857142857143
2024-02-23 08:15:00,80.0,78.54925
2024-02-23 08:30:00,169.0,83.09668639053254
2024-02-23 08:45:00,169.0,83.09461538461538
2024-02-23 09:00:00,33.0,72.47272727272727
2024-02-23 09:15:00,33.0,72.47272727272727
2024-02-23 13:45:00,38.0,73.2
2024-02-23 14:00:00,65.0,75.55461538461539
2024-02-23 14:15:00,66.0,75.25909090909092
2024-02-23 14:30:00,61.0,75.34918032786885
2024-02-23 14:45:00,60.0,75.28999999999999
2024-02-23 15:00:00,75.0,75.22800000000001
2024-02-23 15:15:00,76.0,75.19605263157894
2024-02-23 15:30:00,61.0,75.34918032786885
2024-02-23 15:45:00,60.0,75.28999999999999
2024-02-23 16:00:00,82.0,74.78914634146342
2024-02-23 16:15:00,79.0,74.72151898734177
2024-02-23 16:30:00,75.0,74.50533333333333
2024-02-23 16:45:00,75.0,74.50800000000001
2024-02-23 17:00:00,70.0,84.07142857142857
2024-02-23 17:15:00,292.0,99.6892808219178
2024-02-23 17:30:00,292.0,99.6892808219178
2024-02-23 17:45:00,292.0,99.6892808219178
2024-02-23 18:00:00,398.0,177.81896984924623
2024-02-23 18:15:00,96.0,95.82916666666667
2024-02-23 18:30:00,48.0,92.10416666666667
2024-02-23 18:45:00,48.0,92.10416666666667
2024-02-23 19:00:00,61.0,101.04098360655738
2024-02-23 19:15:00,35.0,96.072
2024-02-23 19:45:00,50.0,75.0
2024-02-23 20:00:00,35.0,87.5
2024-02-24 09:45:00,98.0,38.88928571428571
2024-02-24 10:00:00,92.0,50.00260869565217
2024-02-24 10:15:00,82.0,49.393170731707315
2024-02-24 10:30:00,116.0,47.67448275862069
2024-02-24 10:45:00,106.0,46.983396226415095
2024-02-24 11:00:00,150.0,42.985
2024-02-24 11:15:00,150.0,42.985
2024-02-24 11:30:00,104.0,45.76923076923077
2024-02-24 11:45:00,99.0,45.062121212121205
2024-02-24 12:00:00,100.0,32.07
2024-02-24 12:15:00,95.0,31.6
2024-02-24 12:30:00,95.0,31.6
2024-02-24 12:45:00,95.0,28.33684210526316
2024-02-24 13:30:00,100.0,74.8995
2024-02-24 13:45:00,100.0,74.905
2024-02-24 14:00:00,92.0,78.89402173913044
2024-02-24 14:15:00,116.0,80.15732758620689
2024-02-24 14:30:00,194.0,80.73737113402062
2024-02-24 14:45:00,194.0,80.73737113402062
2024-02-24 15:00:00,235.0,75.65617021276596
2024-02-24 15:15:00,230.0,75.93195652173912
2024-02-24 15:30:00,212.0,79.96787735849058
2024-02-24 15:45:00,100.0,74.0
2024-02-24 16:00:00,97.0,73.03958762886599
2024-02-24 16:15:00,95.0,73.0357894736842
2024-02-24 16:30:00,95.0,73.03631578947368
2024-02-24 16:45:00,40.0,71.6
2024-02-24 17:00:00,35.0,75.0
2024-02-24 17:15:00,35.0,75.0
2024-02-24 18:30:00,67.0,100.39179104477611
2024-02-24 18:45:00,52.0,99.0625
2024-02-24 19:00:00,72.0,76.43055555555556
2024-02-24 19:15:00,81.0,76.1604938271605
2024-02-24 19:45:00,40.0,66.0
2024-02-24 20:15:00,25.0,81.4
2024-02-24 20:45:00,50.0,75.0
2024-02-24 21:00:00,50.0,77.695
2024-02-24 21:15:00,50.0,78.48
2024-02-24 21:30:00,50.0,78.48
2024-02-24 22:00:00,50.0,78.48
2024-02-24 22:15:00,50.0,78.462
2024-02-24 22:30:00,50.0,78.48
2024-02-24 22:45:00,50.0,78.48
2024-02-24 23:00:00,50.0,73.334
2024-02-24 23:15:00,50.0,73.334
2024-02-24 23:30:00,50.0,73.334
2024-02-24 23:45:00,50.0,73.334
2024-02-25 00:00:00,50.0,71.027
2024-02-25 00:15:00,50.0,71.027
2024-02-25 00:30:00,70.0,72.43142857142857
2024-02-25 00:45:00,70.0,72.4342857142857
2024-02-25 01:00:00,70.0,72.60714285714286
2024-02-25 01:15:00,70.0,72.11785714285715
2024-02-25 01:30:00,70.0,72.11214285714286
2024-02-25 01:45:00,70.0,72.11500000000001
2024-02-25 02:00:00,52.0,79.48076923076923
2024-02-25 02:15:00,68.0,80.11764705882354
2024-02-25 02:30:00,40.0,78.1125
2024-02-25 05:15:00,30.0,75.41666666666667
2024-02-25 05:30:00,30.0,75.41666666666667
2024-02-25 05:45:00,50.0,76.72
2024-02-25 06:00:00,50.0,77.11
2024-02-25 06:15:00,50.0,77.11
2024-02-25 06:30:00,50.0,77.11
2024-02-25 06:45:00,50.0,77.11
2024-02-25 07:00:00,50.0,74.3
2024-02-25 07:15:00,50.0,74.3
2024-02-25 07:30:00,50.0,77.15100000000001
2024-02-25 07:45:00,50.0,77.156
2024-02-25 08:00:00,57.0,67.29578947368421
2024-02-25 08:15:00,50.0,67.396
2024-02-25 08:30:00,50.0,67.396
2024-02-25 08:45:00,55.0,67.32181818181817
2024-02-25 09:00:00,45.0,51.0
2024-02-25 09:15:00,100.0,47.673500000000004
2024-02-25 09:30:00,100.0,47.673500000000004
2024-02-25 09:45:00,100.0,47.673500000000004
2024-02-25 10:00:00,98.0,41.82397959183673
2024-02-25 10:15:00,149.0,32.17617449664429
2024-02-25 10:30:00,159.0,26.62264150943396
2024-02-25 10:45:00,159.0,26.632075471698112
2024-02-25 11:00:00,60.0,22.958333333333332
2024-02-25 11:15:00,60.0,22.166666666666668
2024-02-25 11:30:00,75.0,20.333333333333332
2024-02-25 11:45:00,55.0,22.818181818181817
2024-02-25 12:00:00,35.0,26.96142857142857
2024-02-25 12:15:00,35.0,26.96142857142857
2024-02-25 12:30:00,35.0,26.96142857142857
2024-02-25 12:45:00,35.0,26.96142857142857
2024-02-25 13:00:00,25.0,26.721999999999998
2024-02-25 13:15:00,25.0,26.721999999999998
2024-02-25 13:30:00,25.0,26.721999999999998
2024-02-25 13:45:00,25.0,26.721999999999998
2024-02-25 14:00:00,25.0,31.7
2024-02-25 14:15:00,25.0,31.7
2024-02-25 14:30:00,25.0,31.7
2024-02-25 14:45:00,25.0,31.7
2024-02-25 15:00:00,65.0,29.106923076923074
2024-02-25 15:15:00,90.0,26.632777777777775
2024-02-25 15:30:00,50.0,29.728999999999996
2024-02-25 15:45:00,40.0,32.88625
2024-02-25 16:00:00,197.0,20.971167512690354
2024-02-25 16:15:00,100.0,43.4375
2024-02-25 16:30:00,100.0,43.4375
2024-02-25 16:45:00,100.0,43.4375
2024-02-25 17:00:00,100.0,49.82149999999999
2024-02-25 18:45:00,45.0,82.61999999999999
2024-02-25 19:00:00,45.0,83.25
2024-02-25 19:15:00,45.0,83.24555555555555
2024-02-25 19:30:00,100.0,86.344
2024-02-25 19:45:00,100.0,86.33850000000001
2024-02-25 20:00:00,53.0,84.05283018867925
2024-02-25 20:15:00,53.0,84.04528301886792
2024-02-25 20:30:00,53.0,84.05094339622642
2024-02-25 20:45:00,53.0,84.05094339622642
2024-02-25 21:00:00,40.0,81.8275
2024-02-25 21:15:00,40.0,81.8125
2024-02-25 21:30:00,59.0,53.96610169491525
2024-02-25 21:45:00,59.0,53.96610169491525
2024-02-25 22:00:00,100.0,49.3465
2024-02-25 22:15:00,100.0,49.3117
2024-02-25 22:30:00,150.0,44.65773333333333
2024-02-25 22:45:00,150.0,44.66013333333333
2024-02-25 23:00:00,139.0,33.55035971223022
2024-02-25 23:15:00,129.0,33.116279069767444
2024-02-25 23:30:00,44.0,49.5
2024-02-25 23:45:00,44.0,49.5
2024-02-26 00:30:00,49.0,46.59183673469388
2024-02-26 00:45:00,100.0,43.5875
2024-02-26 01:00:00,209.0,31.86244019138756
2024-02-26 01:15:00,209.0,31.86244019138756
2024-02-26 01:30:00,209.0,31.86244019138756
2024-02-26 01:45:00,209.0,31.86244019138756
2024-02-26 02:00:00,200.0,23.90125
2024-02-26 02:15:00,200.0,23.90125
2024-02-26 02:30:00,188.0,24.590425531914892
2024-02-26 02:45:00,188.0,24.590425531914892
2024-02-26 03:00:00,150.0,39.20333333333333
2024-02-26 03:15:00,150.0,39.24666666666667
2024-02-26 03:30:00,150.0,39.20333333333333
2024-02-26 03:45:00,150.0,39.20333333333333
2024-02-26 04:00:00,150.0,38.99333333333333
2024-02-26 04:15:00,150.0,38.99333333333333
2024-02-26 04:30:00,150.0,38.99333333333333
2024-02-26 04:45:00,150.0,38.99333333333333
2024-02-26 05:00:00,150.0,39.275333333333336
2024-02-26 05:15:00,150.0,39.275333333333336
2024-02-26 05:30:00,150.0,39.275333333333336
2024-02-26 05:45:00,148.0,40.47094594594594
2024-02-26 06:00:00,90.0,53.666666666666664
2024-02-26 09:00:00,150.0,58.03333333333333
2024-02-26 09:15:00,150.0,58.03333333333333
2024-02-26 09:30:00,150.0,58.03333333333333
2024-02-26 09:45:00,150.0,58.03333333333333
2024-02-26 10:00:00,144.0,51.90416666666667
2024-02-26 10:15:00,149.0,51.77315436241611
2024-02-26 10:30:00,149.0,50.967785234899324
2024-02-26 10:45:00,114.0,51.30877192982456
2024-02-26 11:00:00,91.0,53.61758241758242
2024-02-26 11:15:00,91.0,53.61758241758242
2024-02-26 11:30:00,44.0,56.445454545454545
2024-02-26 11:45:00,44.0,56.445454545454545
2024-02-26 12:00:00,57.0,52.512280701754385
2024-02-26 13:15:00,119.0,49.94201680672269
2024-02-26 13:30:00,119.0,49.63949579831933
2024-02-26 13:45:00,114.0,49.535964912280704
2024-02-26 14:00:00,114.0,46.07807017543859
2024-02-26 14:15:00,114.0,46.07807017543859
2024-02-26 14:30:00,119.0,50.574789915966385
2024-02-26 14:45:00,124.0,51.237096774193546
2024-02-26 15:00:00,135.0,47.355555555555554
2024-02-26 15:15:00,135.0,47.355555555555554
2024-02-26 15:30:00,120.0,51.17916666666667
2024-02-26 15:45:00,153.0,50.47712418300654
2024-02-26 16:00:00,160.0,54.947500000000005
2024-02-26 16:15:00,120.0,55.93416666666667
2024-02-26 16:30:00,120.0,55.94666666666667
2024-02-26 16:45:00,120.0,55.28
2024-02-26 17:00:00,165.0,53.75454545454546
2024-02-26 17:15:00,165.0,53.75454545454546
2024-02-26 17:30:00,165.0,53.75454545454546
2024-02-26 17:45:00,165.0,53.75454545454546
2024-02-26 18:00:00,90.0,59.90555555555556
2024-02-26 18:15:00,90.0,59.90555555555556
2024-02-26 18:45:00,41.0,88.34634146341465
2024-02-26 19:00:00,45.0,84.17888888888889
2024-02-26 19:15:00,50.0,84.76100000000001
2024-02-26 19:30:00,45.0,84.17888888888889
2024-02-26 19:45:00,50.0,84.76100000000001
2024-02-26 20:00:00,50.0,79.709
2024-02-26 20:15:00,50.0,79.697
2024-02-26 20:30:00,50.0,79.705
2024-02-26 20:45:00,50.0,79.70700000000001
2024-02-26 21:00:00,101.0,79.31475247524753
2024-02-26 21:15:00,100.0,79.5168
2024-02-26 21:30:00,50.0,76.226
2024-02-26 21:45:00,50.0,76.226
2024-02-26 22:00:00,50.0,75.554
2024-02-26 22:15:00,50.0,75.554
2024-02-26 22:30:00,50.0,75.554
2024-02-26 22:45:00,50.0,75.554
2024-02-26 23:00:00,50.0,73.39200000000001
2024-02-26 23:15:00,50.0,73.39200000000001
2024-02-26 23:45:00,50.0,52.986999999999995
2024-02-27 00:00:00,50.0,52.14
2024-02-27 00:15:00,50.0,52.14
2024-02-27 00:45:00,50.0,69.22
2024-02-27 01:00:00,50.0,69.1
2024-02-27 01:15:00,50.0,69.1
2024-02-27 01:30:00,50.0,69.1
2024-02-27 01:45:00,50.0,69.1
2024-02-27 02:00:00,50.0,69.13
2024-02-27 02:15:00,50.0,69.13
2024-02-27 02:30:00,50.0,69.13
2024-02-27 02:45:00,50.0,69.13
2024-02-27 05:45:00,47.0,73.17021276595744
2024-02-27 06:00:00,100.0,67.1
2024-02-27 06:15:00,100.0,67.1
2024-02-27 06:45:00,52.0,82.21634615384616
2024-02-27 07:00:00,100.0,71.54
2024-02-27 07:15:00,100.0,71.54
2024-02-27 07:30:00,100.0,71.54
2024-02-27 08:15:00,52.0,99.92307692307692
2024-02-27 08:30:00,52.0,99.92307692307692
2024-02-27 08:45:00,52.0,99.92307692307692
2024-02-27 09:00:00,49.0,90.13857142857142
2024-02-27 11:15:00,42.0,80.20595238095238
2024-02-27 11:30:00,190.0,87.11868421052631
2024-02-27 11:45:00,92.0,83.10652173913044
2024-02-27 12:00:00,90.0,79.899
2024-02-27 12:15:00,101.0,80.0970297029703
2024-02-27 12:30:00,128.0,80.68515625
2024-02-27 13:00:00,45.0,60.733333333333334
2024-02-27 13:15:00,45.0,60.733333333333334
2024-02-27 13:30:00,45.0,60.733333333333334
2024-02-27 13:45:00,45.0,60.733333333333334
2024-02-27 14:00:00,155.0,56.32258064516129
2024-02-27 14:15:00,200.0,55.025
2024-02-27 14:30:00,200.0,55.5
2024-02-27 14:45:00,200.0,55.5
2024-02-27 23:45:00,95.0,52.705263157894734
2024-02-28 00:00:00,90.0,53.4
2024-02-28 00:15:00,90.0,53.4
2024-02-28 00:30:00,90.0,53.4
2024-02-28 00:45:00,90.0,53.4
2024-02-28 01:00:00,80.0,53.2
2024-02-28 01:15:00,80.0,53.2
2024-02-28 01:30:00,80.0,53.2
2024-02-28 01:45:00,80.0,53.2
2024-02-28 02:00:00,95.0,52.53157894736842
2024-02-28 02:15:00,95.0,52.53157894736842
2024-02-28 02:30:00,95.0,52.53157894736842
2024-02-28 02:45:00,95.0,52.53157894736842
2024-02-28 03:00:00,95.0,52.53157894736842
2024-02-28 03:15:00,95.0,52.53157894736842
2024-02-28 03:30:00,95.0,52.53157894736842
2024-02-28 03:45:00,95.0,52.53157894736842
2024-02-28 04:00:00,95.0,52.53157894736842
2024-02-28 04:15:00,95.0,52.53157894736842
2024-02-28 04:30:00,95.0,52.53157894736842
2024-02-28 04:45:00,95.0,52.53157894736842
2024-02-28 05:00:00,109.0,53.75229357798165
2024-02-28 05:15:00,109.0,53.75229357798165
2024-02-28 05:45:00,100.0,83.47200000000001
2024-02-28 06:00:00,108.0,55.39990740740741
2024-02-28 08:30:00,120.0,129.57833333333332
2024-02-28 08:45:00,120.0,129.29916666666665
2024-02-28 09:00:00,120.0,146.35291666666666
2024-02-28 09:15:00,120.0,145.33333333333334
2024-02-28 09:30:00,150.0,140.92733333333334
2024-02-28 09:45:00,202.0,159.8987623762376
2024-02-28 10:00:00,197.0,118.65837563451777
2024-02-28 10:15:00,192.0,117.25130208333333
2024-02-28 10:30:00,205.0,104.85317073170732
2024-02-28 10:45:00,194.0,104.41211340206186
2024-02-28 11:00:00,200.0,80.4644
2024-02-28 11:15:00,200.0,80.4644
2024-02-28 11:30:00,200.0,80.4644
2024-02-28 11:45:00,200.0,80.4644
2024-02-28 12:00:00,265.0,77.7256603773585
2024-02-28 12:15:00,245.0,77.2134693877551
2024-02-28 12:30:00,245.0,77.2134693877551
2024-02-28 12:45:00,245.0,77.2134693877551
2024-02-28 13:00:00,105.0,76.87142857142857
2024-02-28 13:15:00,105.0,76.87142857142857
2024-02-28 14:00:00,80.0,74.236875
2024-02-28 14:15:00,80.0,74.236875
2024-02-28 14:30:00,120.0,75.26833333333335
2024-02-28 14:45:00,185.0,77.06270270270271
2024-02-28 15:00:00,180.0,77.13805555555555
2024-02-28 15:15:00,180.0,77.13805555555555
2024-02-28 15:30:00,85.0,72.91588235294118
2024-02-28 15:45:00,85.0,72.91588235294118
2024-02-28 16:00:00,100.0,81.31
2024-02-28 16:15:00,100.0,81.31
2024-02-28 16:30:00,30.0,78.25
2024-02-28 16:45:00,30.0,78.25
2024-02-28 17:00:00,35.0,87.11571428571429
2024-02-28 17:15:00,35.0,87.11571428571429
2024-02-28 17:30:00,35.0,87.11571428571429
2024-02-28 17:45:00,70.0,94.45071428571428
2024-02-28 18:00:00,80.0,122.394375
2024-02-28 18:15:00,80.0,122.40687499999999
2024-02-28 18:30:00,80.0,108.466875
2024-02-28 18:45:00,80.0,108.466875
2024-02-28 19:00:00,55.0,93.93454545454544
2024-02-28 19:15:00,100.0,97.089
2024-02-28 19:30:00,110.0,97.31727272727272
2024-02-28 20:00:00,55.0,79.18181818181819
2024-02-28 20:15:00,55.0,79.18181818181819
2024-02-28 20:30:00,55.0,79.18181818181819
2024-02-28 20:45:00,55.0,79.18181818181819
2024-02-28 21:00:00,30.0,73.8
2024-02-28 21:15:00,30.0,73.8
2024-02-28 21:30:00,30.0,73.8
2024-02-28 21:45:00,75.0,75.98666666666666
2024-02-28 22:00:00,80.0,78.89375
2024-02-28 22:15:00,80.0,78.89375
2024-02-28 22:30:00,80.0,78.89375
2024-02-28 22:45:00,80.0,78.89375
2024-02-28 23:00:00,55.0,76.72727272727273
2024-02-28 23:15:00,60.0,76.66666666666667
2024-02-28 23:30:00,60.0,76.66666666666667
2024-02-28 23:45:00,60.0,76.66666666666667
2024-02-29 00:00:00,52.0,53.19230769230769
2024-02-29 00:15:00,52.0,53.19230769230769
2024-02-29 00:30:00,52.0,53.19230769230769
2024-02-29 00:45:00,52.0,53.19230769230769
2024-02-29 01:00:00,53.0,50.0
2024-02-29 01:15:00,53.0,50.0
2024-02-29 01:30:00,53.0,50.0
2024-02-29 01:45:00,53.0,50.0
2024-02-29 02:00:00,53.0,50.0
2024-02-29 02:15:00,53.0,50.0
2024-02-29 02:30:00,53.0,50.0
2024-02-29 02:45:00,53.0,50.0
2024-02-29 03:00:00,53.0,50.0
2024-02-29 03:15:00,53.0,50.0
2024-02-29 03:30:00,53.0,50.0
2024-02-29 03:45:00,53.0,50.0
2024-02-29 04:00:00,53.0,50.0
2024-02-29 04:15:00,53.0,50.0
2024-02-29 04:30:00,53.0,50.0
2024-02-29 04:45:00,53.0,50.0
2024-02-29 05:00:00,52.0,53.19230769230769
2024-02-29 05:15:00,52.0,53.19230769230769
2024-02-29 05:30:00,62.0,52.67741935483871
2024-02-29 05:45:00,67.0,52.47761194029851
2024-02-29 06:00:00,70.0,56.06371428571428
2024-02-29 07:15:00,52.0,83.95384615384616
2024-02-29 07:30:00,52.0,83.95384615384616
2024-02-29 07:45:00,52.0,83.95384615384616
2024-02-29 08:00:00,50.0,82.0
2024-02-29 08:15:00,50.0,82.0
2024-02-29 08:30:00,80.0,80.5
2024-02-29 08:45:00,80.0,80.5
2024-02-29 09:00:00,50.0,79.2
2024-02-29 09:15:00,40.0,79.0
2024-02-29 09:30:00,40.0,79.0
2024-02-29 10:00:00,25.0,76.0
2024-02-29 10:15:00,25.0,76.0
2024-02-29 10:30:00,75.0,77.66666666666667
2024-02-29 10:45:00,75.0,77.66666666666667
2024-02-29 11:00:00,84.0,78.13571428571429
2024-02-29 11:15:00,84.0,78.13571428571429
2024-02-29 11:30:00,151.0,79.08423841059603
2024-02-29 11:45:00,173.0,79.45502890173411
2024-02-29 12:00:00,195.0,76.24948717948718
2024-02-29 12:15:00,190.0,76.19473684210526
2024-02-29 12:30:00,180.0,76.03888888888889
2024-02-29 12:45:00,130.0,75.01538461538462
2024-02-29 13:00:00,125.0,76.616
2024-02-29 19:30:00,161.0,94.3975155279503
2024-02-29 19:45:00,171.0,94.74853801169591
2024-02-29 20:00:00,40.0,83.375
2024-02-29 23:30:00,50.0,81.88
