timestamp,price
2024-05-01 00:00:00+02:00,57.37
2024-05-01 00:15:00+02:00,57.37
2024-05-01 00:30:00+02:00,57.37
2024-05-01 00:45:00+02:00,57.37
2024-05-01 01:00:00+02:00,53.04
2024-05-01 01:15:00+02:00,53.04
2024-05-01 01:30:00+02:00,53.04
2024-05-01 01:45:00+02:00,53.04
2024-05-01 02:00:00+02:00,50.25
2024-05-01 02:15:00+02:00,50.25
2024-05-01 02:30:00+02:00,50.25
2024-05-01 02:45:00+02:00,50.25
2024-05-01 03:00:00+02:00,47.07
2024-05-01 03:15:00+02:00,47.07
2024-05-01 03:30:00+02:00,47.07
2024-05-01 03:45:00+02:00,47.07
2024-05-01 04:00:00+02:00,46.55
2024-05-01 04:15:00+02:00,46.55
2024-05-01 04:30:00+02:00,46.55
2024-05-01 04:45:00+02:00,46.55
2024-05-01 05:00:00+02:00,46.21
2024-05-01 05:15:00+02:00,46.21
2024-05-01 05:30:00+02:00,46.21
2024-05-01 05:45:00+02:00,46.21
2024-05-01 06:00:00+02:00,44.15
2024-05-01 06:15:00+02:00,44.15
2024-05-01 06:30:00+02:00,44.15
2024-05-01 06:45:00+02:00,44.15
2024-05-01 07:00:00+02:00,36.7
2024-05-01 07:15:00+02:00,36.7
2024-05-01 07:30:00+02:00,36.7
2024-05-01 07:45:00+02:00,36.7
2024-05-01 08:00:00+02:00,29.08
2024-05-01 08:15:00+02:00,29.08
2024-05-01 08:30:00+02:00,29.08
2024-05-01 08:45:00+02:00,29.08
2024-05-01 09:00:00+02:00,20.67
2024-05-01 09:15:00+02:00,20.67
2024-05-01 09:30:00+02:00,20.67
2024-05-01 09:45:00+02:00,20.67
2024-05-01 10:00:00+02:00,18.85
2024-05-01 10:15:00+02:00,18.85
2024-05-01 10:30:00+02:00,18.85
2024-05-01 10:45:00+02:00,18.85
2024-05-01 11:00:00+02:00,5.52
2024-05-01 11:15:00+02:00,5.52
2024-05-01 11:30:00+02:00,5.52
2024-05-01 11:45:00+02:00,5.52
2024-05-01 12:00:00+02:00,8.09
2024-05-01 12:15:00+02:00,8.09
2024-05-01 12:30:00+02:00,8.09
2024-05-01 12:45:00+02:00,8.09
2024-05-01 13:00:00+02:00,9.45
2024-05-01 13:15:00+02:00,9.45
2024-05-01 13:30:00+02:00,9.45
2024-05-01 13:45:00+02:00,9.45
2024-05-01 14:00:00+02:00,4.66
2024-05-01 14:15:00+02:00,4.66
2024-05-01 14:30:00+02:00,4.66
2024-05-01 14:45:00+02:00,4.66
2024-05-01 15:00:00+02:00,5.05
2024-05-01 15:15:00+02:00,5.05
2024-05-01 15:30:00+02:00,5.05
2024-05-01 15:45:00+02:00,5.05
2024-05-01 16:00:00+02:00,3.37
2024-05-01 16:15:00+02:00,3.37
2024-05-01 16:30:00+02:00,3.37
2024-05-01 16:45:00+02:00,3.37
2024-05-01 17:00:00+02:00,1.94
2024-05-01 17:15:00+02:00,1.94
2024-05-01 17:30:00+02:00,1.94
2024-05-01 17:45:00+02:00,1.94
2024-05-01 18:00:00+02:00,24.68
2024-05-01 18:15:00+02:00,24.68
2024-05-01 18:30:00+02:00,24.68
2024-05-01 18:45:00+02:00,24.68
2024-05-01 19:00:00+02:00,50.08
2024-05-01 19:15:00+02:00,50.08
2024-05-01 19:30:00+02:00,50.08
2024-05-01 19:45:00+02:00,50.08
2024-05-01 20:00:00+02:00,51.97
2024-05-01 20:15:00+02:00,51.97
2024-05-01 20:30:00+02:00,51.97
2024-05-01 20:45:00+02:00,51.97
2024-05-01 21:00:00+02:00,52.47
2024-05-01 21:15:00+02:00,52.47
2024-05-01 21:30:00+02:00,52.47
2024-05-01 21:45:00+02:00,52.47
2024-05-01 22:00:00+02:00,42.28
2024-05-01 22:15:00+02:00,42.28
2024-05-01 22:30:00+02:00,42.28
2024-05-01 22:45:00+02:00,42.28
2024-05-01 23:00:00+02:00,29.98
2024-05-01 23:15:00+02:00,29.98
2024-05-01 23:30:00+02:00,29.98
2024-05-01 23:45:00+02:00,29.98
2024-05-02 00:00:00+02:00,32.82
2024-05-02 00:15:00+02:00,32.82
2024-05-02 00:30:00+02:00,32.82
2024-05-02 00:45:00+02:00,32.82
2024-05-02 01:00:00+02:00,16.32
2024-05-02 01:15:00+02:00,16.32
2024-05-02 01:30:00+02:00,16.32
2024-05-02 01:45:00+02:00,16.32
2024-05-02 02:00:00+02:00,14.25
2024-05-02 02:15:00+02:00,14.25
2024-05-02 02:30:00+02:00,14.25
2024-05-02 02:45:00+02:00,14.25
2024-05-02 03:00:00+02:00,13.18
2024-05-02 03:15:00+02:00,13.18
2024-05-02 03:30:00+02:00,13.18
2024-05-02 03:45:00+02:00,13.18
2024-05-02 04:00:00+02:00,16.43
2024-05-02 04:15:00+02:00,16.43
2024-05-02 04:30:00+02:00,16.43
2024-05-02 04:45:00+02:00,16.43
2024-05-02 05:00:00+02:00,34.9
2024-05-02 05:15:00+02:00,34.9
2024-05-02 05:30:00+02:00,34.9
2024-05-02 05:45:00+02:00,34.9
2024-05-02 06:00:00+02:00,61.74
2024-05-02 06:15:00+02:00,61.74
2024-05-02 06:30:00+02:00,61.74
2024-05-02 06:45:00+02:00,61.74
2024-05-02 07:00:00+02:00,72.54
2024-05-02 07:15:00+02:00,72.54
2024-05-02 07:30:00+02:00,72.54
2024-05-02 07:45:00+02:00,72.54
2024-05-02 08:00:00+02:00,63.17
2024-05-02 08:15:00+02:00,63.17
2024-05-02 08:30:00+02:00,63.17
2024-05-02 08:45:00+02:00,63.17
2024-05-02 09:00:00+02:00,54.33
2024-05-02 09:15:00+02:00,54.33
2024-05-02 09:30:00+02:00,54.33
2024-05-02 09:45:00+02:00,54.33
2024-05-02 10:00:00+02:00,53.89
2024-05-02 10:15:00+02:00,53.89
2024-05-02 10:30:00+02:00,53.89
2024-05-02 10:45:00+02:00,53.89
2024-05-02 11:00:00+02:00,57.17
2024-05-02 11:15:00+02:00,57.17
2024-05-02 11:30:00+02:00,57.17
2024-05-02 11:45:00+02:00,57.17
2024-05-02 12:00:00+02:00,58.84
2024-05-02 12:15:00+02:00,58.84
2024-05-02 12:30:00+02:00,58.84
2024-05-02 12:45:00+02:00,58.84
2024-05-02 13:00:00+02:00,54.66
2024-05-02 13:15:00+02:00,54.66
2024-05-02 13:30:00+02:00,54.66
2024-05-02 13:45:00+02:00,54.66
2024-05-02 14:00:00+02:00,50.64
2024-05-02 14:15:00+02:00,50.64
2024-05-02 14:30:00+02:00,50.64
2024-05-02 14:45:00+02:00,50.64
2024-05-02 15:00:00+02:00,59.25
2024-05-02 15:15:00+02:00,59.25
2024-05-02 15:30:00+02:00,59.25
2024-05-02 15:45:00+02:00,59.25
2024-05-02 16:00:00+02:00,55.05
2024-05-02 16:15:00+02:00,55.05
2024-05-02 16:30:00+02:00,55.05
2024-05-02 16:45:00+02:00,55.05
2024-05-02 17:00:00+02:00,58.62
2024-05-02 17:15:00+02:00,58.62
2024-05-02 17:30:00+02:00,58.62
2024-05-02 17:45:00+02:00,58.62
2024-05-02 18:00:00+02:00,73.75
2024-05-02 18:15:00+02:00,73.75
2024-05-02 18:30:00+02:00,73.75
2024-05-02 18:45:00+02:00,73.75
2024-05-02 19:00:00+02:00,85.11
2024-05-02 19:15:00+02:00,85.11
2024-05-02 19:30:00+02:00,85.11
2024-05-02 19:45:00+02:00,85.11
2024-05-02 20:00:00+02:00,85.14
2024-05-02 20:15:00+02:00,85.14
2024-05-02 20:30:00+02:00,85.14
2024-05-02 20:45:00+02:00,85.14
2024-05-02 21:00:00+02:00,75.1
2024-05-02 21:15:00+02:00,75.1
2024-05-02 21:30:00+02:00,75.1
2024-05-02 21:45:00+02:00,75.1
2024-05-02 22:00:00+02:00,68.28
2024-05-02 22:15:00+02:00,68.28
2024-05-02 22:30:00+02:00,68.28
2024-05-02 22:45:00+02:00,68.28
2024-05-02 23:00:00+02:00,60.97
2024-05-02 23:15:00+02:00,60.97
2024-05-02 23:30:00+02:00,60.97
2024-05-02 23:45:00+02:00,60.97
2024-05-03 00:00:00+02:00,57.54
2024-05-03 00:15:00+02:00,57.54
2024-05-03 00:30:00+02:00,57.54
2024-05-03 00:45:00+02:00,57.54
2024-05-03 01:00:00+02:00,55.08
2024-05-03 01:15:00+02:00,55.08
2024-05-03 01:30:00+02:00,55.08
2024-05-03 01:45:00+02:00,55.08
2024-05-03 02:00:00+02:00,52.19
2024-05-03 02:15:00+02:00,52.19
2024-05-03 02:30:00+02:00,52.19
2024-05-03 02:45:00+02:00,52.19
2024-05-03 03:00:00+02:00,52.11
2024-05-03 03:15:00+02:00,52.11
2024-05-03 03:30:00+02:00,52.11
2024-05-03 03:45:00+02:00,52.11
2024-05-03 04:00:00+02:00,51.45
2024-05-03 04:15:00+02:00,51.45
2024-05-03 04:30:00+02:00,51.45
2024-05-03 04:45:00+02:00,51.45
2024-05-03 05:00:00+02:00,59.57
2024-05-03 05:15:00+02:00,59.57
2024-05-03 05:30:00+02:00,59.57
2024-05-03 05:45:00+02:00,59.57
2024-05-03 06:00:00+02:00,77.59
2024-05-03 06:15:00+02:00,77.59
2024-05-03 06:30:00+02:00,77.59
2024-05-03 06:45:00+02:00,77.59
2024-05-03 07:00:00+02:00,84.58
2024-05-03 07:15:00+02:00,84.58
2024-05-03 07:30:00+02:00,84.58
2024-05-03 07:45:00+02:00,84.58
2024-05-03 08:00:00+02:00,81.09
2024-05-03 08:15:00+02:00,81.09
2024-05-03 08:30:00+02:00,81.09
2024-05-03 08:45:00+02:00,81.09
2024-05-03 09:00:00+02:00,75.04
2024-05-03 09:15:00+02:00,75.04
2024-05-03 09:30:00+02:00,75.04
2024-05-03 09:45:00+02:00,75.04
2024-05-03 10:00:00+02:00,69.69
2024-05-03 10:15:00+02:00,69.69
2024-05-03 10:30:00+02:00,69.69
2024-05-03 10:45:00+02:00,69.69
2024-05-03 11:00:00+02:00,60.38
2024-05-03 11:15:00+02:00,60.38
2024-05-03 11:30:00+02:00,60.38
2024-05-03 11:45:00+02:00,60.38
2024-05-03 12:00:00+02:00,58.45
2024-05-03 12:15:00+02:00,58.45
2024-05-03 12:30:00+02:00,58.45
2024-05-03 12:45:00+02:00,58.45
2024-05-03 13:00:00+02:00,56.37
2024-05-03 13:15:00+02:00,56.37
2024-05-03 13:30:00+02:00,56.37
2024-05-03 13:45:00+02:00,56.37
2024-05-03 14:00:00+02:00,51.04
2024-05-03 14:15:00+02:00,51.04
2024-05-03 14:30:00+02:00,51.04
2024-05-03 14:45:00+02:00,51.04
2024-05-03 15:00:00+02:00,55.47
2024-05-03 15:15:00+02:00,55.47
2024-05-03 15:30:00+02:00,55.47
2024-05-03 15:45:00+02:00,55.47
2024-05-03 16:00:00+02:00,59.24
2024-05-03 16:15:00+02:00,59.24
2024-05-03 16:30:00+02:00,59.24
2024-05-03 16:45:00+02:00,59.24
2024-05-03 17:00:00+02:00,71.87
2024-05-03 17:15:00+02:00,71.87
2024-05-03 17:30:00+02:00,71.87
2024-05-03 17:45:00+02:00,71.87
2024-05-03 18:00:00+02:00,79.86
2024-05-03 18:15:00+02:00,79.86
2024-05-03 18:30:00+02:00,79.86
2024-05-03 18:45:00+02:00,79.86
2024-05-03 19:00:00+02:00,90.97
2024-05-03 19:15:00+02:00,90.97
2024-05-03 19:30:00+02:00,90.97
2024-05-03 19:45:00+02:00,90.97
2024-05-03 20:00:00+02:00,95.09
2024-05-03 20:15:00+02:00,95.09
2024-05-03 20:30:00+02:00,95.09
2024-05-03 20:45:00+02:00,95.09
2024-05-03 21:00:00+02:00,85.77
2024-05-03 21:15:00+02:00,85.77
2024-05-03 21:30:00+02:00,85.77
2024-05-03 21:45:00+02:00,85.77
2024-05-03 22:00:00+02:00,79.27
2024-05-03 22:15:00+02:00,79.27
2024-05-03 22:30:00+02:00,79.27
2024-05-03 22:45:00+02:00,79.27
2024-05-03 23:00:00+02:00,76.1
2024-05-03 23:15:00+02:00,76.1
2024-05-03 23:30:00+02:00,76.1
2024-05-03 23:45:00+02:00,76.1
2024-05-04 00:00:00+02:00,82.63
2024-05-04 00:15:00+02:00,82.63
2024-05-04 00:30:00+02:00,82.63
2024-05-04 00:45:00+02:00,82.63
2024-05-04 01:00:00+02:00,79.85
2024-05-04 01:15:00+02:00,79.85
2024-05-04 01:30:00+02:00,79.85
2024-05-04 01:45:00+02:00,79.85
2024-05-04 02:00:00+02:00,79.54
2024-05-04 02:15:00+02:00,79.54
2024-05-04 02:30:00+02:00,79.54
2024-05-04 02:45:00+02:00,79.54
2024-05-04 03:00:00+02:00,79.42
2024-05-04 03:15:00+02:00,79.42
2024-05-04 03:30:00+02:00,79.42
2024-05-04 03:45:00+02:00,79.42
2024-05-04 04:00:00+02:00,79.81
2024-05-04 04:15:00+02:00,79.81
2024-05-04 04:30:00+02:00,79.81
2024-05-04 04:45:00+02:00,79.81
2024-05-04 05:00:00+02:00,79.91
2024-05-04 05:15:00+02:00,79.91
2024-05-04 05:30:00+02:00,79.91
2024-05-04 05:45:00+02:00,79.91
2024-05-04 06:00:00+02:00,81.01
2024-05-04 06:15:00+02:00,81.01
2024-05-04 06:30:00+02:00,81.01
2024-05-04 06:45:00+02:00,81.01
2024-05-04 07:00:00+02:00,81.25
2024-05-04 07:15:00+02:00,81.25
2024-05-04 07:30:00+02:00,81.25
2024-05-04 07:45:00+02:00,81.25
2024-05-04 08:00:00+02:00,77.7
2024-05-04 08:15:00+02:00,77.7
2024-05-04 08:30:00+02:00,77.7
2024-05-04 08:45:00+02:00,77.7
2024-05-04 09:00:00+02:00,62.28
2024-05-04 09:15:00+02:00,62.28
2024-05-04 09:30:00+02:00,62.28
2024-05-04 09:45:00+02:00,62.28
2024-05-04 10:00:00+02:00,55.1
2024-05-04 10:15:00+02:00,55.1
2024-05-04 10:30:00+02:00,55.1
2024-05-04 10:45:00+02:00,55.1
2024-05-04 11:00:00+02:00,36.32
2024-05-04 11:15:00+02:00,36.32
2024-05-04 11:30:00+02:00,36.32
2024-05-04 11:45:00+02:00,36.32
2024-05-04 12:00:00+02:00,27.71
2024-05-04 12:15:00+02:00,27.71
2024-05-04 12:30:00+02:00,27.71
2024-05-04 12:45:00+02:00,27.71
2024-05-04 13:00:00+02:00,18.21
2024-05-04 13:15:00+02:00,18.21
2024-05-04 13:30:00+02:00,18.21
2024-05-04 13:45:00+02:00,18.21
2024-05-04 14:00:00+02:00,19.21
2024-05-04 14:15:00+02:00,19.21
2024-05-04 14:30:00+02:00,19.21
2024-05-04 14:45:00+02:00,19.21
2024-05-04 15:00:00+02:00,36.27
2024-05-04 15:15:00+02:00,36.27
2024-05-04 15:30:00+02:00,36.27
2024-05-04 15:45:00+02:00,36.27
2024-05-04 16:00:00+02:00,59.76
2024-05-04 16:15:00+02:00,59.76
2024-05-04 16:30:00+02:00,59.76
2024-05-04 16:45:00+02:00,59.76
2024-05-04 17:00:00+02:00,76.98
2024-05-04 17:15:00+02:00,76.98
2024-05-04 17:30:00+02:00,76.98
2024-05-04 17:45:00+02:00,76.98
2024-05-04 18:00:00+02:00,89.16
2024-05-04 18:15:00+02:00,89.16
2024-05-04 18:30:00+02:00,89.16
2024-05-04 18:45:00+02:00,89.16
2024-05-04 19:00:00+02:00,105.81
2024-05-04 19:15:00+02:00,105.81
2024-05-04 19:30:00+02:00,105.81
2024-05-04 19:45:00+02:00,105.81
2024-05-04 20:00:00+02:00,111.22
2024-05-04 20:15:00+02:00,111.22
2024-05-04 20:30:00+02:00,111.22
2024-05-04 20:45:00+02:00,111.22
2024-05-04 21:00:00+02:00,92.92
2024-05-04 21:15:00+02:00,92.92
2024-05-04 21:30:00+02:00,92.92
2024-05-04 21:45:00+02:00,92.92
2024-05-04 22:00:00+02:00,85.71
2024-05-04 22:15:00+02:00,85.71
2024-05-04 22:30:00+02:00,85.71
2024-05-04 22:45:00+02:00,85.71
2024-05-04 23:00:00+02:00,79.08
2024-05-04 23:15:00+02:00,79.08
2024-05-04 23:30:00+02:00,79.08
2024-05-04 23:45:00+02:00,79.08
2024-05-05 00:00:00+02:00,80.04
2024-05-05 00:15:00+02:00,80.04
2024-05-05 00:30:00+02:00,80.04
2024-05-05 00:45:00+02:00,80.04
2024-05-05 01:00:00+02:00,72.55
2024-05-05 01:15:00+02:00,72.55
2024-05-05 01:30:00+02:00,72.55
2024-05-05 01:45:00+02:00,72.55
2024-05-05 02:00:00+02:00,69.14
2024-05-05 02:15:00+02:00,69.14
2024-05-05 02:30:00+02:00,69.14
2024-05-05 02:45:00+02:00,69.14
2024-05-05 03:00:00+02:00,63.34
2024-05-05 03:15:00+02:00,63.34
2024-05-05 03:30:00+02:00,63.34
2024-05-05 03:45:00+02:00,63.34
2024-05-05 04:00:00+02:00,62.5
2024-05-05 04:15:00+02:00,62.5
2024-05-05 04:30:00+02:00,62.5
2024-05-05 04:45:00+02:00,62.5
2024-05-05 05:00:00+02:00,61.7
2024-05-05 05:15:00+02:00,61.7
2024-05-05 05:30:00+02:00,61.7
2024-05-05 05:45:00+02:00,61.7
2024-05-05 06:00:00+02:00,61.05
2024-05-05 06:15:00+02:00,61.05
2024-05-05 06:30:00+02:00,61.05
2024-05-05 06:45:00+02:00,61.05
2024-05-05 07:00:00+02:00,52.47
2024-05-05 07:15:00+02:00,52.47
2024-05-05 07:30:00+02:00,52.47
2024-05-05 07:45:00+02:00,52.47
2024-05-05 08:00:00+02:00,37.1
2024-05-05 08:15:00+02:00,37.1
2024-05-05 08:30:00+02:00,37.1
2024-05-05 08:45:00+02:00,37.1
2024-05-05 09:00:00+02:00,27.39
2024-05-05 09:15:00+02:00,27.39
2024-05-05 09:30:00+02:00,27.39
2024-05-05 09:45:00+02:00,27.39
2024-05-05 10:00:00+02:00,13.92
2024-05-05 10:15:00+02:00,13.92
2024-05-05 10:30:00+02:00,13.92
2024-05-05 10:45:00+02:00,13.92
2024-05-05 11:00:00+02:00,5.0
2024-05-05 11:15:00+02:00,5.0
2024-05-05 11:30:00+02:00,5.0
2024-05-05 11:45:00+02:00,5.0
2024-05-05 12:00:00+02:00,0.45
2024-05-05 12:15:00+02:00,0.45
2024-05-05 12:30:00+02:00,0.45
2024-05-05 12:45:00+02:00,0.45
2024-05-05 13:00:00+02:00,-5.75
2024-05-05 13:15:00+02:00,-5.75
2024-05-05 13:30:00+02:00,-5.75
2024-05-05 13:45:00+02:00,-5.75
2024-05-05 14:00:00+02:00,-11.94
2024-05-05 14:15:00+02:00,-11.94
2024-05-05 14:30:00+02:00,-11.94
2024-05-05 14:45:00+02:00,-11.94
2024-05-05 15:00:00+02:00,-6.33
2024-05-05 15:15:00+02:00,-6.33
2024-05-05 15:30:00+02:00,-6.33
2024-05-05 15:45:00+02:00,-6.33
2024-05-05 16:00:00+02:00,-0.49
2024-05-05 16:15:00+02:00,-0.49
2024-05-05 16:30:00+02:00,-0.49
2024-05-05 16:45:00+02:00,-0.49
2024-05-05 17:00:00+02:00,25.98
2024-05-05 17:15:00+02:00,25.98
2024-05-05 17:30:00+02:00,25.98
2024-05-05 17:45:00+02:00,25.98
2024-05-05 18:00:00+02:00,74.22
2024-05-05 18:15:00+02:00,74.22
2024-05-05 18:30:00+02:00,74.22
2024-05-05 18:45:00+02:00,74.22
2024-05-05 19:00:00+02:00,91.37
2024-05-05 19:15:00+02:00,91.37
2024-05-05 19:30:00+02:00,91.37
2024-05-05 19:45:00+02:00,91.37
2024-05-05 20:00:00+02:00,98.78
2024-05-05 20:15:00+02:00,98.78
2024-05-05 20:30:00+02:00,98.78
2024-05-05 20:45:00+02:00,98.78
2024-05-05 21:00:00+02:00,97.4
2024-05-05 21:15:00+02:00,97.4
2024-05-05 21:30:00+02:00,97.4
2024-05-05 21:45:00+02:00,97.4
2024-05-05 22:00:00+02:00,91.59
2024-05-05 22:15:00+02:00,91.59
2024-05-05 22:30:00+02:00,91.59
2024-05-05 22:45:00+02:00,91.59
2024-05-05 23:00:00+02:00,86.63
2024-05-05 23:15:00+02:00,86.63
2024-05-05 23:30:00+02:00,86.63
2024-05-05 23:45:00+02:00,86.63
2024-05-06 00:00:00+02:00,80.92
2024-05-06 00:15:00+02:00,80.92
2024-05-06 00:30:00+02:00,80.92
2024-05-06 00:45:00+02:00,80.92
2024-05-06 01:00:00+02:00,79.53
2024-05-06 01:15:00+02:00,79.53
2024-05-06 01:30:00+02:00,79.53
2024-05-06 01:45:00+02:00,79.53
2024-05-06 02:00:00+02:00,79.15
2024-05-06 02:15:00+02:00,79.15
2024-05-06 02:30:00+02:00,79.15
2024-05-06 02:45:00+02:00,79.15
2024-05-06 03:00:00+02:00,78.69
2024-05-06 03:15:00+02:00,78.69
2024-05-06 03:30:00+02:00,78.69
2024-05-06 03:45:00+02:00,78.69
2024-05-06 04:00:00+02:00,80.96
2024-05-06 04:15:00+02:00,80.96
2024-05-06 04:30:00+02:00,80.96
2024-05-06 04:45:00+02:00,80.96
2024-05-06 05:00:00+02:00,86.85
2024-05-06 05:15:00+02:00,86.85
2024-05-06 05:30:00+02:00,86.85
2024-05-06 05:45:00+02:00,86.85
2024-05-06 06:00:00+02:00,98.86
2024-05-06 06:15:00+02:00,98.86
2024-05-06 06:30:00+02:00,98.86
2024-05-06 06:45:00+02:00,98.86
2024-05-06 07:00:00+02:00,116.24
2024-05-06 07:15:00+02:00,116.24
2024-05-06 07:30:00+02:00,116.24
2024-05-06 07:45:00+02:00,116.24
2024-05-06 08:00:00+02:00,100.43
2024-05-06 08:15:00+02:00,100.43
2024-05-06 08:30:00+02:00,100.43
2024-05-06 08:45:00+02:00,100.43
2024-05-06 09:00:00+02:00,93.04
2024-05-06 09:15:00+02:00,93.04
2024-05-06 09:30:00+02:00,93.04
2024-05-06 09:45:00+02:00,93.04
2024-05-06 10:00:00+02:00,84.02
2024-05-06 10:15:00+02:00,84.02
2024-05-06 10:30:00+02:00,84.02
2024-05-06 10:45:00+02:00,84.02
2024-05-06 11:00:00+02:00,84.02
2024-05-06 11:15:00+02:00,84.02
2024-05-06 11:30:00+02:00,84.02
2024-05-06 11:45:00+02:00,84.02
2024-05-06 12:00:00+02:00,80.09
2024-05-06 12:15:00+02:00,80.09
2024-05-06 12:30:00+02:00,80.09
2024-05-06 12:45:00+02:00,80.09
2024-05-06 13:00:00+02:00,81.01
2024-05-06 13:15:00+02:00,81.01
2024-05-06 13:30:00+02:00,81.01
2024-05-06 13:45:00+02:00,81.01
2024-05-06 14:00:00+02:00,80.38
2024-05-06 14:15:00+02:00,80.38
2024-05-06 14:30:00+02:00,80.38
2024-05-06 14:45:00+02:00,80.38
2024-05-06 15:00:00+02:00,84.36
2024-05-06 15:15:00+02:00,84.36
2024-05-06 15:30:00+02:00,84.36
2024-05-06 15:45:00+02:00,84.36
2024-05-06 16:00:00+02:00,88.23
2024-05-06 16:15:00+02:00,88.23
2024-05-06 16:30:00+02:00,88.23
2024-05-06 16:45:00+02:00,88.23
2024-05-06 17:00:00+02:00,92.52
2024-05-06 17:15:00+02:00,92.52
2024-05-06 17:30:00+02:00,92.52
2024-05-06 17:45:00+02:00,92.52
2024-05-06 18:00:00+02:00,101.33
2024-05-06 18:15:00+02:00,101.33
2024-05-06 18:30:00+02:00,101.33
2024-05-06 18:45:00+02:00,101.33
2024-05-06 19:00:00+02:00,125.18
2024-05-06 19:15:00+02:00,125.18
2024-05-06 19:30:00+02:00,125.18
2024-05-06 19:45:00+02:00,125.18
2024-05-06 20:00:00+02:00,130.28
2024-05-06 20:15:00+02:00,130.28
2024-05-06 20:30:00+02:00,130.28
2024-05-06 20:45:00+02:00,130.28
2024-05-06 21:00:00+02:00,103.86
2024-05-06 21:15:00+02:00,103.86
2024-05-06 21:30:00+02:00,103.86
2024-05-06 21:45:00+02:00,103.86
2024-05-06 22:00:00+02:00,97.03
2024-05-06 22:15:00+02:00,97.03
2024-05-06 22:30:00+02:00,97.03
2024-05-06 22:45:00+02:00,97.03
2024-05-06 23:00:00+02:00,85.83
2024-05-06 23:15:00+02:00,85.83
2024-05-06 23:30:00+02:00,85.83
2024-05-06 23:45:00+02:00,85.83
2024-05-07 00:00:00+02:00,81.85
2024-05-07 00:15:00+02:00,81.85
2024-05-07 00:30:00+02:00,81.85
2024-05-07 00:45:00+02:00,81.85
2024-05-07 01:00:00+02:00,78.48
2024-05-07 01:15:00+02:00,78.48
2024-05-07 01:30:00+02:00,78.48
2024-05-07 01:45:00+02:00,78.48
2024-05-07 02:00:00+02:00,79.0
2024-05-07 02:15:00+02:00,79.0
2024-05-07 02:30:00+02:00,79.0
2024-05-07 02:45:00+02:00,79.0
2024-05-07 03:00:00+02:00,80.34
2024-05-07 03:15:00+02:00,80.34
2024-05-07 03:30:00+02:00,80.34
2024-05-07 03:45:00+02:00,80.34
2024-05-07 04:00:00+02:00,80.8
2024-05-07 04:15:00+02:00,80.8
2024-05-07 04:30:00+02:00,80.8
2024-05-07 04:45:00+02:00,80.8
2024-05-07 05:00:00+02:00,85.37
2024-05-07 05:15:00+02:00,85.37
2024-05-07 05:30:00+02:00,85.37
2024-05-07 05:45:00+02:00,85.37
2024-05-07 06:00:00+02:00,102.89
2024-05-07 06:15:00+02:00,102.89
2024-05-07 06:30:00+02:00,102.89
2024-05-07 06:45:00+02:00,102.89
2024-05-07 07:00:00+02:00,126.41
2024-05-07 07:15:00+02:00,126.41
2024-05-07 07:30:00+02:00,126.41
2024-05-07 07:45:00+02:00,126.41
2024-05-07 08:00:00+02:00,112.43
2024-05-07 08:15:00+02:00,112.43
2024-05-07 08:30:00+02:00,112.43
2024-05-07 08:45:00+02:00,112.43
2024-05-07 09:00:00+02:00,91.31
2024-05-07 09:15:00+02:00,91.31
2024-05-07 09:30:00+02:00,91.31
2024-05-07 09:45:00+02:00,91.31
2024-05-07 10:00:00+02:00,82.62
2024-05-07 10:15:00+02:00,82.62
2024-05-07 10:30:00+02:00,82.62
2024-05-07 10:45:00+02:00,82.62
2024-05-07 11:00:00+02:00,80.01
2024-05-07 11:15:00+02:00,80.01
2024-05-07 11:30:00+02:00,80.01
2024-05-07 11:45:00+02:00,80.01
2024-05-07 12:00:00+02:00,76.99
2024-05-07 12:15:00+02:00,76.99
2024-05-07 12:30:00+02:00,76.99
2024-05-07 12:45:00+02:00,76.99
2024-05-07 13:00:00+02:00,79.13
2024-05-07 13:15:00+02:00,79.13
2024-05-07 13:30:00+02:00,79.13
2024-05-07 13:45:00+02:00,79.13
2024-05-07 14:00:00+02:00,74.54
2024-05-07 14:15:00+02:00,74.54
2024-05-07 14:30:00+02:00,74.54
2024-05-07 14:45:00+02:00,74.54
2024-05-07 15:00:00+02:00,77.47
2024-05-07 15:15:00+02:00,77.47
2024-05-07 15:30:00+02:00,77.47
2024-05-07 15:45:00+02:00,77.47
2024-05-07 16:00:00+02:00,81.19
2024-05-07 16:15:00+02:00,81.19
2024-05-07 16:30:00+02:00,81.19
2024-05-07 16:45:00+02:00,81.19
2024-05-07 17:00:00+02:00,88.18
2024-05-07 17:15:00+02:00,88.18
2024-05-07 17:30:00+02:00,88.18
2024-05-07 17:45:00+02:00,88.18
2024-05-07 18:00:00+02:00,106.96
2024-05-07 18:15:00+02:00,106.96
2024-05-07 18:30:00+02:00,106.96
2024-05-07 18:45:00+02:00,106.96
2024-05-07 19:00:00+02:00,133.34
2024-05-07 19:15:00+02:00,133.34
2024-05-07 19:30:00+02:00,133.34
2024-05-07 19:45:00+02:00,133.34
2024-05-07 20:00:00+02:00,137.83
2024-05-07 20:15:00+02:00,137.83
2024-05-07 20:30:00+02:00,137.83
2024-05-07 20:45:00+02:00,137.83
2024-05-07 21:00:00+02:00,107.32
2024-05-07 21:15:00+02:00,107.32
2024-05-07 21:30:00+02:00,107.32
2024-05-07 21:45:00+02:00,107.32
2024-05-07 22:00:00+02:00,94.2
2024-05-07 22:15:00+02:00,94.2
2024-05-07 22:30:00+02:00,94.2
2024-05-07 22:45:00+02:00,94.2
2024-05-07 23:00:00+02:00,85.33
2024-05-07 23:15:00+02:00,85.33
2024-05-07 23:30:00+02:00,85.33
2024-05-07 23:45:00+02:00,85.33
2024-05-08 00:00:00+02:00,83.55
2024-05-08 00:15:00+02:00,83.55
2024-05-08 00:30:00+02:00,83.55
2024-05-08 00:45:00+02:00,83.55
2024-05-08 01:00:00+02:00,81.02
2024-05-08 01:15:00+02:00,81.02
2024-05-08 01:30:00+02:00,81.02
2024-05-08 01:45:00+02:00,81.02
2024-05-08 02:00:00+02:00,82.22
2024-05-08 02:15:00+02:00,82.22
2024-05-08 02:30:00+02:00,82.22
2024-05-08 02:45:00+02:00,82.22
2024-05-08 03:00:00+02:00,83.29
2024-05-08 03:15:00+02:00,83.29
2024-05-08 03:30:00+02:00,83.29
2024-05-08 03:45:00+02:00,83.29
2024-05-08 04:00:00+02:00,81.52
2024-05-08 04:15:00+02:00,81.52
2024-05-08 04:30:00+02:00,81.52
2024-05-08 04:45:00+02:00,81.52
2024-05-08 05:00:00+02:00,85.43
2024-05-08 05:15:00+02:00,85.43
2024-05-08 05:30:00+02:00,85.43
2024-05-08 05:45:00+02:00,85.43
2024-05-08 06:00:00+02:00,98.51
2024-05-08 06:15:00+02:00,98.51
2024-05-08 06:30:00+02:00,98.51
2024-05-08 06:45:00+02:00,98.51
2024-05-08 07:00:00+02:00,111.07
2024-05-08 07:15:00+02:00,111.07
2024-05-08 07:30:00+02:00,111.07
2024-05-08 07:45:00+02:00,111.07
2024-05-08 08:00:00+02:00,108.79
2024-05-08 08:15:00+02:00,108.79
2024-05-08 08:30:00+02:00,108.79
2024-05-08 08:45:00+02:00,108.79
2024-05-08 09:00:00+02:00,89.86
2024-05-08 09:15:00+02:00,89.86
2024-05-08 09:30:00+02:00,89.86
2024-05-08 09:45:00+02:00,89.86
2024-05-08 10:00:00+02:00,84.69
2024-05-08 10:15:00+02:00,84.69
2024-05-08 10:30:00+02:00,84.69
2024-05-08 10:45:00+02:00,84.69
2024-05-08 11:00:00+02:00,81.11
2024-05-08 11:15:00+02:00,81.11
2024-05-08 11:30:00+02:00,81.11
2024-05-08 11:45:00+02:00,81.11
2024-05-08 12:00:00+02:00,72.93
2024-05-08 12:15:00+02:00,72.93
2024-05-08 12:30:00+02:00,72.93
2024-05-08 12:45:00+02:00,72.93
2024-05-08 13:00:00+02:00,68.31
2024-05-08 13:15:00+02:00,68.31
2024-05-08 13:30:00+02:00,68.31
2024-05-08 13:45:00+02:00,68.31
2024-05-08 14:00:00+02:00,66.36
2024-05-08 14:15:00+02:00,66.36
2024-05-08 14:30:00+02:00,66.36
2024-05-08 14:45:00+02:00,66.36
2024-05-08 15:00:00+02:00,69.24
2024-05-08 15:15:00+02:00,69.24
2024-05-08 15:30:00+02:00,69.24
2024-05-08 15:45:00+02:00,69.24
2024-05-08 16:00:00+02:00,75.21
2024-05-08 16:15:00+02:00,75.21
2024-05-08 16:30:00+02:00,75.21
2024-05-08 16:45:00+02:00,75.21
2024-05-08 17:00:00+02:00,85.97
2024-05-08 17:15:00+02:00,85.97
2024-05-08 17:30:00+02:00,85.97
2024-05-08 17:45:00+02:00,85.97
2024-05-08 18:00:00+02:00,98.17
2024-05-08 18:15:00+02:00,98.17
2024-05-08 18:30:00+02:00,98.17
2024-05-08 18:45:00+02:00,98.17
2024-05-08 19:00:00+02:00,100.03
2024-05-08 19:15:00+02:00,100.03
2024-05-08 19:30:00+02:00,100.03
2024-05-08 19:45:00+02:00,100.03
2024-05-08 20:00:00+02:00,103.01
2024-05-08 20:15:00+02:00,103.01
2024-05-08 20:30:00+02:00,103.01
2024-05-08 20:45:00+02:00,103.01
2024-05-08 21:00:00+02:00,98.91
2024-05-08 21:15:00+02:00,98.91
2024-05-08 21:30:00+02:00,98.91
2024-05-08 21:45:00+02:00,98.91
2024-05-08 22:00:00+02:00,94.67
2024-05-08 22:15:00+02:00,94.67
2024-05-08 22:30:00+02:00,94.67
2024-05-08 22:45:00+02:00,94.67
2024-05-08 23:00:00+02:00,85.38
2024-05-08 23:15:00+02:00,85.38
2024-05-08 23:30:00+02:00,85.38
2024-05-08 23:45:00+02:00,85.38
2024-05-09 00:00:00+02:00,84.95
2024-05-09 00:15:00+02:00,84.95
2024-05-09 00:30:00+02:00,84.95
2024-05-09 00:45:00+02:00,84.95
2024-05-09 01:00:00+02:00,82.67
2024-05-09 01:15:00+02:00,82.67
2024-05-09 01:30:00+02:00,82.67
2024-05-09 01:45:00+02:00,82.67
2024-05-09 02:00:00+02:00,81.63
2024-05-09 02:15:00+02:00,81.63
2024-05-09 02:30:00+02:00,81.63
2024-05-09 02:45:00+02:00,81.63
2024-05-09 03:00:00+02:00,81.9
2024-05-09 03:15:00+02:00,81.9
2024-05-09 03:30:00+02:00,81.9
2024-05-09 03:45:00+02:00,81.9
2024-05-09 04:00:00+02:00,82.81
2024-05-09 04:15:00+02:00,82.81
2024-05-09 04:30:00+02:00,82.81
2024-05-09 04:45:00+02:00,82.81
2024-05-09 05:00:00+02:00,83.82
2024-05-09 05:15:00+02:00,83.82
2024-05-09 05:30:00+02:00,83.82
2024-05-09 05:45:00+02:00,83.82
2024-05-09 06:00:00+02:00,80.96
2024-05-09 06:15:00+02:00,80.96
2024-05-09 06:30:00+02:00,80.96
2024-05-09 06:45:00+02:00,80.96
2024-05-09 07:00:00+02:00,77.93
2024-05-09 07:15:00+02:00,77.93
2024-05-09 07:30:00+02:00,77.93
2024-05-09 07:45:00+02:00,77.93
2024-05-09 08:00:00+02:00,67.07
2024-05-09 08:15:00+02:00,67.07
2024-05-09 08:30:00+02:00,67.07
2024-05-09 08:45:00+02:00,67.07
2024-05-09 09:00:00+02:00,37.12
2024-05-09 09:15:00+02:00,37.12
2024-05-09 09:30:00+02:00,37.12
2024-05-09 09:45:00+02:00,37.12
2024-05-09 10:00:00+02:00,9.35
2024-05-09 10:15:00+02:00,9.35
2024-05-09 10:30:00+02:00,9.35
2024-05-09 10:45:00+02:00,9.35
2024-05-09 11:00:00+02:00,0.37
2024-05-09 11:15:00+02:00,0.37
2024-05-09 11:30:00+02:00,0.37
2024-05-09 11:45:00+02:00,0.37
2024-05-09 12:00:00+02:00,-1.75
2024-05-09 12:15:00+02:00,-1.75
2024-05-09 12:30:00+02:00,-1.75
2024-05-09 12:45:00+02:00,-1.75
2024-05-09 13:00:00+02:00,-3.25
2024-05-09 13:15:00+02:00,-3.25
2024-05-09 13:30:00+02:00,-3.25
2024-05-09 13:45:00+02:00,-3.25
2024-05-09 14:00:00+02:00,-3.04
2024-05-09 14:15:00+02:00,-3.04
2024-05-09 14:30:00+02:00,-3.04
2024-05-09 14:45:00+02:00,-3.04
2024-05-09 15:00:00+02:00,-0.9
2024-05-09 15:15:00+02:00,-0.9
2024-05-09 15:30:00+02:00,-0.9
2024-05-09 15:45:00+02:00,-0.9
2024-05-09 16:00:00+02:00,17.57
2024-05-09 16:15:00+02:00,17.57
2024-05-09 16:30:00+02:00,17.57
2024-05-09 16:45:00+02:00,17.57
2024-05-09 17:00:00+02:00,60.01
2024-05-09 17:15:00+02:00,60.01
2024-05-09 17:30:00+02:00,60.01
2024-05-09 17:45:00+02:00,60.01
2024-05-09 18:00:00+02:00,85.39
2024-05-09 18:15:00+02:00,85.39
2024-05-09 18:30:00+02:00,85.39
2024-05-09 18:45:00+02:00,85.39
2024-05-09 19:00:00+02:00,88.0
2024-05-09 19:15:00+02:00,88.0
2024-05-09 19:30:00+02:00,88.0
2024-05-09 19:45:00+02:00,88.0
2024-05-09 20:00:00+02:00,87.62
2024-05-09 20:15:00+02:00,87.62
2024-05-09 20:30:00+02:00,87.62
2024-05-09 20:45:00+02:00,87.62
2024-05-09 21:00:00+02:00,87.67
2024-05-09 21:15:00+02:00,87.67
2024-05-09 21:30:00+02:00,87.67
2024-05-09 21:45:00+02:00,87.67
2024-05-09 22:00:00+02:00,92.63
2024-05-09 22:15:00+02:00,92.63
2024-05-09 22:30:00+02:00,92.63
2024-05-09 22:45:00+02:00,92.63
2024-05-09 23:00:00+02:00,86.55
2024-05-09 23:15:00+02:00,86.55
2024-05-09 23:30:00+02:00,86.55
2024-05-09 23:45:00+02:00,86.55
2024-05-10 00:00:00+02:00,82.28
2024-05-10 00:15:00+02:00,82.28
2024-05-10 00:30:00+02:00,82.28
2024-05-10 00:45:00+02:00,82.28
2024-05-10 01:00:00+02:00,82.21
2024-05-10 01:15:00+02:00,82.21
2024-05-10 01:30:00+02:00,82.21
2024-05-10 01:45:00+02:00,82.21
2024-05-10 02:00:00+02:00,76.7
2024-05-10 02:15:00+02:00,76.7
2024-05-10 02:30:00+02:00,76.7
2024-05-10 02:45:00+02:00,76.7
2024-05-10 03:00:00+02:00,76.85
2024-05-10 03:15:00+02:00,76.85
2024-05-10 03:30:00+02:00,76.85
2024-05-10 03:45:00+02:00,76.85
2024-05-10 04:00:00+02:00,77.49
2024-05-10 04:15:00+02:00,77.49
2024-05-10 04:30:00+02:00,77.49
2024-05-10 04:45:00+02:00,77.49
2024-05-10 05:00:00+02:00,84.96
2024-05-10 05:15:00+02:00,84.96
2024-05-10 05:30:00+02:00,84.96
2024-05-10 05:45:00+02:00,84.96
2024-05-10 06:00:00+02:00,87.66
2024-05-10 06:15:00+02:00,87.66
2024-05-10 06:30:00+02:00,87.66
2024-05-10 06:45:00+02:00,87.66
2024-05-10 07:00:00+02:00,88.14
2024-05-10 07:15:00+02:00,88.14
2024-05-10 07:30:00+02:00,88.14
2024-05-10 07:45:00+02:00,88.14
2024-05-10 08:00:00+02:00,84.73
2024-05-10 08:15:00+02:00,84.73
2024-05-10 08:30:00+02:00,84.73
2024-05-10 08:45:00+02:00,84.73
2024-05-10 09:00:00+02:00,68.22
2024-05-10 09:15:00+02:00,68.22
2024-05-10 09:30:00+02:00,68.22
2024-05-10 09:45:00+02:00,68.22
2024-05-10 10:00:00+02:00,44.95
2024-05-10 10:15:00+02:00,44.95
2024-05-10 10:30:00+02:00,44.95
2024-05-10 10:45:00+02:00,44.95
2024-05-10 11:00:00+02:00,21.93
2024-05-10 11:15:00+02:00,21.93
2024-05-10 11:30:00+02:00,21.93
2024-05-10 11:45:00+02:00,21.93
2024-05-10 12:00:00+02:00,13.84
2024-05-10 12:15:00+02:00,13.84
2024-05-10 12:30:00+02:00,13.84
2024-05-10 12:45:00+02:00,13.84
2024-05-10 13:00:00+02:00,9.9
2024-05-10 13:15:00+02:00,9.9
2024-05-10 13:30:00+02:00,9.9
2024-05-10 13:45:00+02:00,9.9
2024-05-10 14:00:00+02:00,9.03
2024-05-10 14:15:00+02:00,9.03
2024-05-10 14:30:00+02:00,9.03
2024-05-10 14:45:00+02:00,9.03
2024-05-10 15:00:00+02:00,28.37
2024-05-10 15:15:00+02:00,28.37
2024-05-10 15:30:00+02:00,28.37
2024-05-10 15:45:00+02:00,28.37
2024-05-10 16:00:00+02:00,54.95
2024-05-10 16:15:00+02:00,54.95
2024-05-10 16:30:00+02:00,54.95
2024-05-10 16:45:00+02:00,54.95
2024-05-10 17:00:00+02:00,75.96
2024-05-10 17:15:00+02:00,75.96
2024-05-10 17:30:00+02:00,75.96
2024-05-10 17:45:00+02:00,75.96
2024-05-10 18:00:00+02:00,87.35
2024-05-10 18:15:00+02:00,87.35
2024-05-10 18:30:00+02:00,87.35
2024-05-10 18:45:00+02:00,87.35
2024-05-10 19:00:00+02:00,86.46
2024-05-10 19:15:00+02:00,86.46
2024-05-10 19:30:00+02:00,86.46
2024-05-10 19:45:00+02:00,86.46
2024-05-10 20:00:00+02:00,86.24
2024-05-10 20:15:00+02:00,86.24
2024-05-10 20:30:00+02:00,86.24
2024-05-10 20:45:00+02:00,86.24
2024-05-10 21:00:00+02:00,87.73
2024-05-10 21:15:00+02:00,87.73
2024-05-10 21:30:00+02:00,87.73
2024-05-10 21:45:00+02:00,87.73
2024-05-10 22:00:00+02:00,93.0
2024-05-10 22:15:00+02:00,93.0
2024-05-10 22:30:00+02:00,93.0
2024-05-10 22:45:00+02:00,93.0
2024-05-10 23:00:00+02:00,85.39
2024-05-10 23:15:00+02:00,85.39
2024-05-10 23:30:00+02:00,85.39
2024-05-10 23:45:00+02:00,85.39
2024-05-11 00:00:00+02:00,89.0
2024-05-11 00:15:00+02:00,89.0
2024-05-11 00:30:00+02:00,89.0
2024-05-11 00:45:00+02:00,89.0
2024-05-11 01:00:00+02:00,86.45
2024-05-11 01:15:00+02:00,86.45
2024-05-11 01:30:00+02:00,86.45
2024-05-11 01:45:00+02:00,86.45
2024-05-11 02:00:00+02:00,85.32
2024-05-11 02:15:00+02:00,85.32
2024-05-11 02:30:00+02:00,85.32
2024-05-11 02:45:00+02:00,85.32
2024-05-11 03:00:00+02:00,83.4
2024-05-11 03:15:00+02:00,83.4
2024-05-11 03:30:00+02:00,83.4
2024-05-11 03:45:00+02:00,83.4
2024-05-11 04:00:00+02:00,83.04
2024-05-11 04:15:00+02:00,83.04
2024-05-11 04:30:00+02:00,83.04
2024-05-11 04:45:00+02:00,83.04
2024-05-11 05:00:00+02:00,84.8
2024-05-11 05:15:00+02:00,84.8
2024-05-11 05:30:00+02:00,84.8
2024-05-11 05:45:00+02:00,84.8
2024-05-11 06:00:00+02:00,80.65
2024-05-11 06:15:00+02:00,80.65
2024-05-11 06:30:00+02:00,80.65
2024-05-11 06:45:00+02:00,80.65
2024-05-11 07:00:00+02:00,77.91
2024-05-11 07:15:00+02:00,77.91
2024-05-11 07:30:00+02:00,77.91
2024-05-11 07:45:00+02:00,77.91
2024-05-11 08:00:00+02:00,61.65
2024-05-11 08:15:00+02:00,61.65
2024-05-11 08:30:00+02:00,61.65
2024-05-11 08:45:00+02:00,61.65
2024-05-11 09:00:00+02:00,31.57
2024-05-11 09:15:00+02:00,31.57
2024-05-11 09:30:00+02:00,31.57
2024-05-11 09:45:00+02:00,31.57
2024-05-11 10:00:00+02:00,0.92
2024-05-11 10:15:00+02:00,0.92
2024-05-11 10:30:00+02:00,0.92
2024-05-11 10:45:00+02:00,0.92
2024-05-11 11:00:00+02:00,-4.28
2024-05-11 11:15:00+02:00,-4.28
2024-05-11 11:30:00+02:00,-4.28
2024-05-11 11:45:00+02:00,-4.28
2024-05-11 12:00:00+02:00,-9.13
2024-05-11 12:15:00+02:00,-9.13
2024-05-11 12:30:00+02:00,-9.13
2024-05-11 12:45:00+02:00,-9.13
2024-05-11 13:00:00+02:00,-12.44
2024-05-11 13:15:00+02:00,-12.44
2024-05-11 13:30:00+02:00,-12.44
2024-05-11 13:45:00+02:00,-12.44
2024-05-11 14:00:00+02:00,-12.12
2024-05-11 14:15:00+02:00,-12.12
2024-05-11 14:30:00+02:00,-12.12
2024-05-11 14:45:00+02:00,-12.12
2024-05-11 15:00:00+02:00,-5.6
2024-05-11 15:15:00+02:00,-5.6
2024-05-11 15:30:00+02:00,-5.6
2024-05-11 15:45:00+02:00,-5.6
2024-05-11 16:00:00+02:00,2.41
2024-05-11 16:15:00+02:00,2.41
2024-05-11 16:30:00+02:00,2.41
2024-05-11 16:45:00+02:00,2.41
2024-05-11 17:00:00+02:00,46.83
2024-05-11 17:15:00+02:00,46.83
2024-05-11 17:30:00+02:00,46.83
2024-05-11 17:45:00+02:00,46.83
2024-05-11 18:00:00+02:00,77.98
2024-05-11 18:15:00+02:00,77.98
2024-05-11 18:30:00+02:00,77.98
2024-05-11 18:45:00+02:00,77.98
2024-05-11 19:00:00+02:00,85.78
2024-05-11 19:15:00+02:00,85.78
2024-05-11 19:30:00+02:00,85.78
2024-05-11 19:45:00+02:00,85.78
2024-05-11 20:00:00+02:00,87.61
2024-05-11 20:15:00+02:00,87.61
2024-05-11 20:30:00+02:00,87.61
2024-05-11 20:45:00+02:00,87.61
2024-05-11 21:00:00+02:00,90.49
2024-05-11 21:15:00+02:00,90.49
2024-05-11 21:30:00+02:00,90.49
2024-05-11 21:45:00+02:00,90.49
2024-05-11 22:00:00+02:00,86.78
2024-05-11 22:15:00+02:00,86.78
2024-05-11 22:30:00+02:00,86.78
2024-05-11 22:45:00+02:00,86.78
2024-05-11 23:00:00+02:00,75.99
2024-05-11 23:15:00+02:00,75.99
2024-05-11 23:30:00+02:00,75.99
2024-05-11 23:45:00+02:00,75.99
2024-05-12 00:00:00+02:00,57.93
2024-05-12 00:15:00+02:00,57.93
2024-05-12 00:30:00+02:00,57.93
2024-05-12 00:45:00+02:00,57.93
2024-05-12 01:00:00+02:00,51.53
2024-05-12 01:15:00+02:00,51.53
2024-05-12 01:30:00+02:00,51.53
2024-05-12 01:45:00+02:00,51.53
2024-05-12 02:00:00+02:00,49.1
2024-05-12 02:15:00+02:00,49.1
2024-05-12 02:30:00+02:00,49.1
2024-05-12 02:45:00+02:00,49.1
2024-05-12 03:00:00+02:00,47.32
2024-05-12 03:15:00+02:00,47.32
2024-05-12 03:30:00+02:00,47.32
2024-05-12 03:45:00+02:00,47.32
2024-05-12 04:00:00+02:00,50.85
2024-05-12 04:15:00+02:00,50.85
2024-05-12 04:30:00+02:00,50.85
2024-05-12 04:45:00+02:00,50.85
2024-05-12 05:00:00+02:00,50.61
2024-05-12 05:15:00+02:00,50.61
2024-05-12 05:30:00+02:00,50.61
2024-05-12 05:45:00+02:00,50.61
2024-05-12 06:00:00+02:00,44.99
2024-05-12 06:15:00+02:00,44.99
2024-05-12 06:30:00+02:00,44.99
2024-05-12 06:45:00+02:00,44.99
2024-05-12 07:00:00+02:00,24.0
2024-05-12 07:15:00+02:00,24.0
2024-05-12 07:30:00+02:00,24.0
2024-05-12 07:45:00+02:00,24.0
2024-05-12 08:00:00+02:00,-2.28
2024-05-12 08:15:00+02:00,-2.28
2024-05-12 08:30:00+02:00,-2.28
2024-05-12 08:45:00+02:00,-2.28
2024-05-12 09:00:00+02:00,-13.93
2024-05-12 09:15:00+02:00,-13.93
2024-05-12 09:30:00+02:00,-13.93
2024-05-12 09:45:00+02:00,-13.93
2024-05-12 10:00:00+02:00,-35.45
2024-05-12 10:15:00+02:00,-35.45
2024-05-12 10:30:00+02:00,-35.45
2024-05-12 10:45:00+02:00,-35.45
2024-05-12 11:00:00+02:00,-67.74
2024-05-12 11:15:00+02:00,-67.74
2024-05-12 11:30:00+02:00,-67.74
2024-05-12 11:45:00+02:00,-67.74
2024-05-12 12:00:00+02:00,-102.36
2024-05-12 12:15:00+02:00,-102.36
2024-05-12 12:30:00+02:00,-102.36
2024-05-12 12:45:00+02:00,-102.36
2024-05-12 13:00:00+02:00,-145.12
2024-05-12 13:15:00+02:00,-145.12
2024-05-12 13:30:00+02:00,-145.12
2024-05-12 13:45:00+02:00,-145.12
2024-05-12 14:00:00+02:00,-137.29
2024-05-12 14:15:00+02:00,-137.29
2024-05-12 14:30:00+02:00,-137.29
2024-05-12 14:45:00+02:00,-137.29
2024-05-12 15:00:00+02:00,-73.57
2024-05-12 15:15:00+02:00,-73.57
2024-05-12 15:30:00+02:00,-73.57
2024-05-12 15:45:00+02:00,-73.57
2024-05-12 16:00:00+02:00,-41.12
2024-05-12 16:15:00+02:00,-41.12
2024-05-12 16:30:00+02:00,-41.12
2024-05-12 16:45:00+02:00,-41.12
2024-05-12 17:00:00+02:00,-13.48
2024-05-12 17:15:00+02:00,-13.48
2024-05-12 17:30:00+02:00,-13.48
2024-05-12 17:45:00+02:00,-13.48
2024-05-12 18:00:00+02:00,44.42
2024-05-12 18:15:00+02:00,44.42
2024-05-12 18:30:00+02:00,44.42
2024-05-12 18:45:00+02:00,44.42
2024-05-12 19:00:00+02:00,73.25
2024-05-12 19:15:00+02:00,73.25
2024-05-12 19:30:00+02:00,73.25
2024-05-12 19:45:00+02:00,73.25
2024-05-12 20:00:00+02:00,74.74
2024-05-12 20:15:00+02:00,74.74
2024-05-12 20:30:00+02:00,74.74
2024-05-12 20:45:00+02:00,74.74
2024-05-12 21:00:00+02:00,62.69
2024-05-12 21:15:00+02:00,62.69
2024-05-12 21:30:00+02:00,62.69
2024-05-12 21:45:00+02:00,62.69
2024-05-12 22:00:00+02:00,55.87
2024-05-12 22:15:00+02:00,55.87
2024-05-12 22:30:00+02:00,55.87
2024-05-12 22:45:00+02:00,55.87
2024-05-12 23:00:00+02:00,51.98
2024-05-12 23:15:00+02:00,51.98
2024-05-12 23:30:00+02:00,51.98
2024-05-12 23:45:00+02:00,51.98
2024-05-13 00:00:00+02:00,29.74
2024-05-13 00:15:00+02:00,29.74
2024-05-13 00:30:00+02:00,29.74
2024-05-13 00:45:00+02:00,29.74
2024-05-13 01:00:00+02:00,24.79
2024-05-13 01:15:00+02:00,24.79
2024-05-13 01:30:00+02:00,24.79
2024-05-13 01:45:00+02:00,24.79
2024-05-13 02:00:00+02:00,22.04
2024-05-13 02:15:00+02:00,22.04
2024-05-13 02:30:00+02:00,22.04
2024-05-13 02:45:00+02:00,22.04
2024-05-13 03:00:00+02:00,25.18
2024-05-13 03:15:00+02:00,25.18
2024-05-13 03:30:00+02:00,25.18
2024-05-13 03:45:00+02:00,25.18
2024-05-13 04:00:00+02:00,29.16
2024-05-13 04:15:00+02:00,29.16
2024-05-13 04:30:00+02:00,29.16
2024-05-13 04:45:00+02:00,29.16
2024-05-13 05:00:00+02:00,47.93
2024-05-13 05:15:00+02:00,47.93
2024-05-13 05:30:00+02:00,47.93
2024-05-13 05:45:00+02:00,47.93
2024-05-13 06:00:00+02:00,76.65
2024-05-13 06:15:00+02:00,76.65
2024-05-13 06:30:00+02:00,76.65
2024-05-13 06:45:00+02:00,76.65
2024-05-13 07:00:00+02:00,81.35
2024-05-13 07:15:00+02:00,81.35
2024-05-13 07:30:00+02:00,81.35
2024-05-13 07:45:00+02:00,81.35
2024-05-13 08:00:00+02:00,75.02
2024-05-13 08:15:00+02:00,75.02
2024-05-13 08:30:00+02:00,75.02
2024-05-13 08:45:00+02:00,75.02
2024-05-13 09:00:00+02:00,45.98
2024-05-13 09:15:00+02:00,45.98
2024-05-13 09:30:00+02:00,45.98
2024-05-13 09:45:00+02:00,45.98
2024-05-13 10:00:00+02:00,24.05
2024-05-13 10:15:00+02:00,24.05
2024-05-13 10:30:00+02:00,24.05
2024-05-13 10:45:00+02:00,24.05
2024-05-13 11:00:00+02:00,18.78
2024-05-13 11:15:00+02:00,18.78
2024-05-13 11:30:00+02:00,18.78
2024-05-13 11:45:00+02:00,18.78
2024-05-13 12:00:00+02:00,14.1
2024-05-13 12:15:00+02:00,14.1
2024-05-13 12:30:00+02:00,14.1
2024-05-13 12:45:00+02:00,14.1
2024-05-13 13:00:00+02:00,11.04
2024-05-13 13:15:00+02:00,11.04
2024-05-13 13:30:00+02:00,11.04
2024-05-13 13:45:00+02:00,11.04
2024-05-13 14:00:00+02:00,11.17
2024-05-13 14:15:00+02:00,11.17
2024-05-13 14:30:00+02:00,11.17
2024-05-13 14:45:00+02:00,11.17
2024-05-13 15:00:00+02:00,14.09
2024-05-13 15:15:00+02:00,14.09
2024-05-13 15:30:00+02:00,14.09
2024-05-13 15:45:00+02:00,14.09
2024-05-13 16:00:00+02:00,21.92
2024-05-13 16:15:00+02:00,21.92
2024-05-13 16:30:00+02:00,21.92
2024-05-13 16:45:00+02:00,21.92
2024-05-13 17:00:00+02:00,48.05
2024-05-13 17:15:00+02:00,48.05
2024-05-13 17:30:00+02:00,48.05
2024-05-13 17:45:00+02:00,48.05
2024-05-13 18:00:00+02:00,78.66
2024-05-13 18:15:00+02:00,78.66
2024-05-13 18:30:00+02:00,78.66
2024-05-13 18:45:00+02:00,78.66
2024-05-13 19:00:00+02:00,106.82
2024-05-13 19:15:00+02:00,106.82
2024-05-13 19:30:00+02:00,106.82
2024-05-13 19:45:00+02:00,106.82
2024-05-13 20:00:00+02:00,109.28
2024-05-13 20:15:00+02:00,109.28
2024-05-13 20:30:00+02:00,109.28
2024-05-13 20:45:00+02:00,109.28
2024-05-13 21:00:00+02:00,93.9
2024-05-13 21:15:00+02:00,93.9
2024-05-13 21:30:00+02:00,93.9
2024-05-13 21:45:00+02:00,93.9
2024-05-13 22:00:00+02:00,79.95
2024-05-13 22:15:00+02:00,79.95
2024-05-13 22:30:00+02:00,79.95
2024-05-13 22:45:00+02:00,79.95
2024-05-13 23:00:00+02:00,59.72
2024-05-13 23:15:00+02:00,59.72
2024-05-13 23:30:00+02:00,59.72
2024-05-13 23:45:00+02:00,59.72
2024-05-14 00:00:00+02:00,38.45
2024-05-14 00:15:00+02:00,38.45
2024-05-14 00:30:00+02:00,38.45
2024-05-14 00:45:00+02:00,38.45
2024-05-14 01:00:00+02:00,35.03
2024-05-14 01:15:00+02:00,35.03
2024-05-14 01:30:00+02:00,35.03
2024-05-14 01:45:00+02:00,35.03
2024-05-14 02:00:00+02:00,31.62
2024-05-14 02:15:00+02:00,31.62
2024-05-14 02:30:00+02:00,31.62
2024-05-14 02:45:00+02:00,31.62
2024-05-14 03:00:00+02:00,29.77
2024-05-14 03:15:00+02:00,29.77
2024-05-14 03:30:00+02:00,29.77
2024-05-14 03:45:00+02:00,29.77
2024-05-14 04:00:00+02:00,31.99
2024-05-14 04:15:00+02:00,31.99
2024-05-14 04:30:00+02:00,31.99
2024-05-14 04:45:00+02:00,31.99
2024-05-14 05:00:00+02:00,42.29
2024-05-14 05:15:00+02:00,42.29
2024-05-14 05:30:00+02:00,42.29
2024-05-14 05:45:00+02:00,42.29
2024-05-14 06:00:00+02:00,65.48
2024-05-14 06:15:00+02:00,65.48
2024-05-14 06:30:00+02:00,65.48
2024-05-14 06:45:00+02:00,65.48
2024-05-14 07:00:00+02:00,73.88
2024-05-14 07:15:00+02:00,73.88
2024-05-14 07:30:00+02:00,73.88
2024-05-14 07:45:00+02:00,73.88
2024-05-14 08:00:00+02:00,42.96
2024-05-14 08:15:00+02:00,42.96
2024-05-14 08:30:00+02:00,42.96
2024-05-14 08:45:00+02:00,42.96
2024-05-14 09:00:00+02:00,14.17
2024-05-14 09:15:00+02:00,14.17
2024-05-14 09:30:00+02:00,14.17
2024-05-14 09:45:00+02:00,14.17
2024-05-14 10:00:00+02:00,0.08
2024-05-14 10:15:00+02:00,0.08
2024-05-14 10:30:00+02:00,0.08
2024-05-14 10:45:00+02:00,0.08
2024-05-14 11:00:00+02:00,-1.25
2024-05-14 11:15:00+02:00,-1.25
2024-05-14 11:30:00+02:00,-1.25
2024-05-14 11:45:00+02:00,-1.25
2024-05-14 12:00:00+02:00,-11.84
2024-05-14 12:15:00+02:00,-11.84
2024-05-14 12:30:00+02:00,-11.84
2024-05-14 12:45:00+02:00,-11.84
2024-05-14 13:00:00+02:00,-14.95
2024-05-14 13:15:00+02:00,-14.95
2024-05-14 13:30:00+02:00,-14.95
2024-05-14 13:45:00+02:00,-14.95
2024-05-14 14:00:00+02:00,-15.4
2024-05-14 14:15:00+02:00,-15.4
2024-05-14 14:30:00+02:00,-15.4
2024-05-14 14:45:00+02:00,-15.4
2024-05-14 15:00:00+02:00,-3.09
2024-05-14 15:15:00+02:00,-3.09
2024-05-14 15:30:00+02:00,-3.09
2024-05-14 15:45:00+02:00,-3.09
2024-05-14 16:00:00+02:00,-2.0
2024-05-14 16:15:00+02:00,-2.0
2024-05-14 16:30:00+02:00,-2.0
2024-05-14 16:45:00+02:00,-2.0
2024-05-14 17:00:00+02:00,3.35
2024-05-14 17:15:00+02:00,3.35
2024-05-14 17:30:00+02:00,3.35
2024-05-14 17:45:00+02:00,3.35
2024-05-14 18:00:00+02:00,48.51
2024-05-14 18:15:00+02:00,48.51
2024-05-14 18:30:00+02:00,48.51
2024-05-14 18:45:00+02:00,48.51
2024-05-14 19:00:00+02:00,83.83
2024-05-14 19:15:00+02:00,83.83
2024-05-14 19:30:00+02:00,83.83
2024-05-14 19:45:00+02:00,83.83
2024-05-14 20:00:00+02:00,84.41
2024-05-14 20:15:00+02:00,84.41
2024-05-14 20:30:00+02:00,84.41
2024-05-14 20:45:00+02:00,84.41
2024-05-14 21:00:00+02:00,74.38
2024-05-14 21:15:00+02:00,74.38
2024-05-14 21:30:00+02:00,74.38
2024-05-14 21:45:00+02:00,74.38
2024-05-14 22:00:00+02:00,58.06
2024-05-14 22:15:00+02:00,58.06
2024-05-14 22:30:00+02:00,58.06
2024-05-14 22:45:00+02:00,58.06
2024-05-14 23:00:00+02:00,46.08
2024-05-14 23:15:00+02:00,46.08
2024-05-14 23:30:00+02:00,46.08
2024-05-14 23:45:00+02:00,46.08
2024-05-15 00:00:00+02:00,28.17
2024-05-15 00:15:00+02:00,28.17
2024-05-15 00:30:00+02:00,28.17
2024-05-15 00:45:00+02:00,28.17
2024-05-15 01:00:00+02:00,23.89
2024-05-15 01:15:00+02:00,23.89
2024-05-15 01:30:00+02:00,23.89
2024-05-15 01:45:00+02:00,23.89
2024-05-15 02:00:00+02:00,20.96
2024-05-15 02:15:00+02:00,20.96
2024-05-15 02:30:00+02:00,20.96
2024-05-15 02:45:00+02:00,20.96
2024-05-15 03:00:00+02:00,21.69
2024-05-15 03:15:00+02:00,21.69
2024-05-15 03:30:00+02:00,21.69
2024-05-15 03:45:00+02:00,21.69
2024-05-15 04:00:00+02:00,22.5
2024-05-15 04:15:00+02:00,22.5
2024-05-15 04:30:00+02:00,22.5
2024-05-15 04:45:00+02:00,22.5
2024-05-15 05:00:00+02:00,37.82
2024-05-15 05:15:00+02:00,37.82
2024-05-15 05:30:00+02:00,37.82
2024-05-15 05:45:00+02:00,37.82
2024-05-15 06:00:00+02:00,60.24
2024-05-15 06:15:00+02:00,60.24
2024-05-15 06:30:00+02:00,60.24
2024-05-15 06:45:00+02:00,60.24
2024-05-15 07:00:00+02:00,74.58
2024-05-15 07:15:00+02:00,74.58
2024-05-15 07:30:00+02:00,74.58
2024-05-15 07:45:00+02:00,74.58
2024-05-15 08:00:00+02:00,58.09
2024-05-15 08:15:00+02:00,58.09
2024-05-15 08:30:00+02:00,58.09
2024-05-15 08:45:00+02:00,58.09
2024-05-15 09:00:00+02:00,27.25
2024-05-15 09:15:00+02:00,27.25
2024-05-15 09:30:00+02:00,27.25
2024-05-15 09:45:00+02:00,27.25
2024-05-15 10:00:00+02:00,23.53
2024-05-15 10:15:00+02:00,23.53
2024-05-15 10:30:00+02:00,23.53
2024-05-15 10:45:00+02:00,23.53
2024-05-15 11:00:00+02:00,42.94
2024-05-15 11:15:00+02:00,42.94
2024-05-15 11:30:00+02:00,42.94
2024-05-15 11:45:00+02:00,42.94
2024-05-15 12:00:00+02:00,0.51
2024-05-15 12:15:00+02:00,0.51
2024-05-15 12:30:00+02:00,0.51
2024-05-15 12:45:00+02:00,0.51
2024-05-15 13:00:00+02:00,4.5
2024-05-15 13:15:00+02:00,4.5
2024-05-15 13:30:00+02:00,4.5
2024-05-15 13:45:00+02:00,4.5
2024-05-15 14:00:00+02:00,5.6
2024-05-15 14:15:00+02:00,5.6
2024-05-15 14:30:00+02:00,5.6
2024-05-15 14:45:00+02:00,5.6
2024-05-15 15:00:00+02:00,23.51
2024-05-15 15:15:00+02:00,23.51
2024-05-15 15:30:00+02:00,23.51
2024-05-15 15:45:00+02:00,23.51
2024-05-15 16:00:00+02:00,11.23
2024-05-15 16:15:00+02:00,11.23
2024-05-15 16:30:00+02:00,11.23
2024-05-15 16:45:00+02:00,11.23
2024-05-15 17:00:00+02:00,25.81
2024-05-15 17:15:00+02:00,25.81
2024-05-15 17:30:00+02:00,25.81
2024-05-15 17:45:00+02:00,25.81
2024-05-15 18:00:00+02:00,61.35
2024-05-15 18:15:00+02:00,61.35
2024-05-15 18:30:00+02:00,61.35
2024-05-15 18:45:00+02:00,61.35
2024-05-15 19:00:00+02:00,80.79
2024-05-15 19:15:00+02:00,80.79
2024-05-15 19:30:00+02:00,80.79
2024-05-15 19:45:00+02:00,80.79
2024-05-15 20:00:00+02:00,78.23
2024-05-15 20:15:00+02:00,78.23
2024-05-15 20:30:00+02:00,78.23
2024-05-15 20:45:00+02:00,78.23
2024-05-15 21:00:00+02:00,75.77
2024-05-15 21:15:00+02:00,75.77
2024-05-15 21:30:00+02:00,75.77
2024-05-15 21:45:00+02:00,75.77
2024-05-15 22:00:00+02:00,55.28
2024-05-15 22:15:00+02:00,55.28
2024-05-15 22:30:00+02:00,55.28
2024-05-15 22:45:00+02:00,55.28
2024-05-15 23:00:00+02:00,41.23
2024-05-15 23:15:00+02:00,41.23
2024-05-15 23:30:00+02:00,41.23
2024-05-15 23:45:00+02:00,41.23
2024-05-16 00:00:00+02:00,48.05
2024-05-16 00:15:00+02:00,48.05
2024-05-16 00:30:00+02:00,48.05
2024-05-16 00:45:00+02:00,48.05
2024-05-16 01:00:00+02:00,45.02
2024-05-16 01:15:00+02:00,45.02
2024-05-16 01:30:00+02:00,45.02
2024-05-16 01:45:00+02:00,45.02
2024-05-16 02:00:00+02:00,43.91
2024-05-16 02:15:00+02:00,43.91
2024-05-16 02:30:00+02:00,43.91
2024-05-16 02:45:00+02:00,43.91
2024-05-16 03:00:00+02:00,42.77
2024-05-16 03:15:00+02:00,42.77
2024-05-16 03:30:00+02:00,42.77
2024-05-16 03:45:00+02:00,42.77
2024-05-16 04:00:00+02:00,45.71
2024-05-16 04:15:00+02:00,45.71
2024-05-16 04:30:00+02:00,45.71
2024-05-16 04:45:00+02:00,45.71
2024-05-16 05:00:00+02:00,59.54
2024-05-16 05:15:00+02:00,59.54
2024-05-16 05:30:00+02:00,59.54
2024-05-16 05:45:00+02:00,59.54
2024-05-16 06:00:00+02:00,74.08
2024-05-16 06:15:00+02:00,74.08
2024-05-16 06:30:00+02:00,74.08
2024-05-16 06:45:00+02:00,74.08
2024-05-16 07:00:00+02:00,75.26
2024-05-16 07:15:00+02:00,75.26
2024-05-16 07:30:00+02:00,75.26
2024-05-16 07:45:00+02:00,75.26
2024-05-16 08:00:00+02:00,74.02
2024-05-16 08:15:00+02:00,74.02
2024-05-16 08:30:00+02:00,74.02
2024-05-16 08:45:00+02:00,74.02
2024-05-16 09:00:00+02:00,40.84
2024-05-16 09:15:00+02:00,40.84
2024-05-16 09:30:00+02:00,40.84
2024-05-16 09:45:00+02:00,40.84
2024-05-16 10:00:00+02:00,19.45
2024-05-16 10:15:00+02:00,19.45
2024-05-16 10:30:00+02:00,19.45
2024-05-16 10:45:00+02:00,19.45
2024-05-16 11:00:00+02:00,10.57
2024-05-16 11:15:00+02:00,10.57
2024-05-16 11:30:00+02:00,10.57
2024-05-16 11:45:00+02:00,10.57
2024-05-16 12:00:00+02:00,4.67
2024-05-16 12:15:00+02:00,4.67
2024-05-16 12:30:00+02:00,4.67
2024-05-16 12:45:00+02:00,4.67
2024-05-16 13:00:00+02:00,7.29
2024-05-16 13:15:00+02:00,7.29
2024-05-16 13:30:00+02:00,7.29
2024-05-16 13:45:00+02:00,7.29
2024-05-16 14:00:00+02:00,10.51
2024-05-16 14:15:00+02:00,10.51
2024-05-16 14:30:00+02:00,10.51
2024-05-16 14:45:00+02:00,10.51
2024-05-16 15:00:00+02:00,20.49
2024-05-16 15:15:00+02:00,20.49
2024-05-16 15:30:00+02:00,20.49
2024-05-16 15:45:00+02:00,20.49
2024-05-16 16:00:00+02:00,18.82
2024-05-16 16:15:00+02:00,18.82
2024-05-16 16:30:00+02:00,18.82
2024-05-16 16:45:00+02:00,18.82
2024-05-16 17:00:00+02:00,39.43
2024-05-16 17:15:00+02:00,39.43
2024-05-16 17:30:00+02:00,39.43
2024-05-16 17:45:00+02:00,39.43
2024-05-16 18:00:00+02:00,75.32
2024-05-16 18:15:00+02:00,75.32
2024-05-16 18:30:00+02:00,75.32
2024-05-16 18:45:00+02:00,75.32
2024-05-16 19:00:00+02:00,75.93
2024-05-16 19:15:00+02:00,75.93
2024-05-16 19:30:00+02:00,75.93
2024-05-16 19:45:00+02:00,75.93
2024-05-16 20:00:00+02:00,74.3
2024-05-16 20:15:00+02:00,74.3
2024-05-16 20:30:00+02:00,74.3
2024-05-16 20:45:00+02:00,74.3
2024-05-16 21:00:00+02:00,74.07
2024-05-16 21:15:00+02:00,74.07
2024-05-16 21:30:00+02:00,74.07
2024-05-16 21:45:00+02:00,74.07
2024-05-16 22:00:00+02:00,77.52
2024-05-16 22:15:00+02:00,77.52
2024-05-16 22:30:00+02:00,77.52
2024-05-16 22:45:00+02:00,77.52
2024-05-16 23:00:00+02:00,65.75
2024-05-16 23:15:00+02:00,65.75
2024-05-16 23:30:00+02:00,65.75
2024-05-16 23:45:00+02:00,65.75
2024-05-17 00:00:00+02:00,64.12
2024-05-17 00:15:00+02:00,64.12
2024-05-17 00:30:00+02:00,64.12
2024-05-17 00:45:00+02:00,64.12
2024-05-17 01:00:00+02:00,59.56
2024-05-17 01:15:00+02:00,59.56
2024-05-17 01:30:00+02:00,59.56
2024-05-17 01:45:00+02:00,59.56
2024-05-17 02:00:00+02:00,56.82
2024-05-17 02:15:00+02:00,56.82
2024-05-17 02:30:00+02:00,56.82
2024-05-17 02:45:00+02:00,56.82
2024-05-17 03:00:00+02:00,53.86
2024-05-17 03:15:00+02:00,53.86
2024-05-17 03:30:00+02:00,53.86
2024-05-17 03:45:00+02:00,53.86
2024-05-17 04:00:00+02:00,55.84
2024-05-17 04:15:00+02:00,55.84
2024-05-17 04:30:00+02:00,55.84
2024-05-17 04:45:00+02:00,55.84
2024-05-17 05:00:00+02:00,60.07
2024-05-17 05:15:00+02:00,60.07
2024-05-17 05:30:00+02:00,60.07
2024-05-17 05:45:00+02:00,60.07
2024-05-17 06:00:00+02:00,68.65
2024-05-17 06:15:00+02:00,68.65
2024-05-17 06:30:00+02:00,68.65
2024-05-17 06:45:00+02:00,68.65
2024-05-17 07:00:00+02:00,84.0
2024-05-17 07:15:00+02:00,84.0
2024-05-17 07:30:00+02:00,84.0
2024-05-17 07:45:00+02:00,84.0
2024-05-17 08:00:00+02:00,85.04
2024-05-17 08:15:00+02:00,85.04
2024-05-17 08:30:00+02:00,85.04
2024-05-17 08:45:00+02:00,85.04
2024-05-17 09:00:00+02:00,78.82
2024-05-17 09:15:00+02:00,78.82
2024-05-17 09:30:00+02:00,78.82
2024-05-17 09:45:00+02:00,78.82
2024-05-17 10:00:00+02:00,57.38
2024-05-17 10:15:00+02:00,57.38
2024-05-17 10:30:00+02:00,57.38
2024-05-17 10:45:00+02:00,57.38
2024-05-17 11:00:00+02:00,46.53
2024-05-17 11:15:00+02:00,46.53
2024-05-17 11:30:00+02:00,46.53
2024-05-17 11:45:00+02:00,46.53
2024-05-17 12:00:00+02:00,30.7
2024-05-17 12:15:00+02:00,30.7
2024-05-17 12:30:00+02:00,30.7
2024-05-17 12:45:00+02:00,30.7
2024-05-17 13:00:00+02:00,20.52
2024-05-17 13:15:00+02:00,20.52
2024-05-17 13:30:00+02:00,20.52
2024-05-17 13:45:00+02:00,20.52
2024-05-17 14:00:00+02:00,22.56
2024-05-17 14:15:00+02:00,22.56
2024-05-17 14:30:00+02:00,22.56
2024-05-17 14:45:00+02:00,22.56
2024-05-17 15:00:00+02:00,33.77
2024-05-17 15:15:00+02:00,33.77
2024-05-17 15:30:00+02:00,33.77
2024-05-17 15:45:00+02:00,33.77
2024-05-17 16:00:00+02:00,44.83
2024-05-17 16:15:00+02:00,44.83
2024-05-17 16:30:00+02:00,44.83
2024-05-17 16:45:00+02:00,44.83
2024-05-17 17:00:00+02:00,68.04
2024-05-17 17:15:00+02:00,68.04
2024-05-17 17:30:00+02:00,68.04
2024-05-17 17:45:00+02:00,68.04
2024-05-17 18:00:00+02:00,72.52
2024-05-17 18:15:00+02:00,72.52
2024-05-17 18:30:00+02:00,72.52
2024-05-17 18:45:00+02:00,72.52
2024-05-17 19:00:00+02:00,75.86
2024-05-17 19:15:00+02:00,75.86
2024-05-17 19:30:00+02:00,75.86
2024-05-17 19:45:00+02:00,75.86
2024-05-17 20:00:00+02:00,75.71
2024-05-17 20:15:00+02:00,75.71
2024-05-17 20:30:00+02:00,75.71
2024-05-17 20:45:00+02:00,75.71
2024-05-17 21:00:00+02:00,76.8
2024-05-17 21:15:00+02:00,76.8
2024-05-17 21:30:00+02:00,76.8
2024-05-17 21:45:00+02:00,76.8
2024-05-17 22:00:00+02:00,75.27
2024-05-17 22:15:00+02:00,75.27
2024-05-17 22:30:00+02:00,75.27
2024-05-17 22:45:00+02:00,75.27
2024-05-17 23:00:00+02:00,70.98
2024-05-17 23:15:00+02:00,70.98
2024-05-17 23:30:00+02:00,70.98
2024-05-17 23:45:00+02:00,70.98
2024-05-18 00:00:00+02:00,71.57
2024-05-18 00:15:00+02:00,71.57
2024-05-18 00:30:00+02:00,71.57
2024-05-18 00:45:00+02:00,71.57
2024-05-18 01:00:00+02:00,68.45
2024-05-18 01:15:00+02:00,68.45
2024-05-18 01:30:00+02:00,68.45
2024-05-18 01:45:00+02:00,68.45
2024-05-18 02:00:00+02:00,66.35
2024-05-18 02:15:00+02:00,66.35
2024-05-18 02:30:00+02:00,66.35
2024-05-18 02:45:00+02:00,66.35
2024-05-18 03:00:00+02:00,68.75
2024-05-18 03:15:00+02:00,68.75
2024-05-18 03:30:00+02:00,68.75
2024-05-18 03:45:00+02:00,68.75
2024-05-18 04:00:00+02:00,69.2
2024-05-18 04:15:00+02:00,69.2
2024-05-18 04:30:00+02:00,69.2
2024-05-18 04:45:00+02:00,69.2
2024-05-18 05:00:00+02:00,69.75
2024-05-18 05:15:00+02:00,69.75
2024-05-18 05:30:00+02:00,69.75
2024-05-18 05:45:00+02:00,69.75
2024-05-18 06:00:00+02:00,68.39
2024-05-18 06:15:00+02:00,68.39
2024-05-18 06:30:00+02:00,68.39
2024-05-18 06:45:00+02:00,68.39
2024-05-18 07:00:00+02:00,69.31
2024-05-18 07:15:00+02:00,69.31
2024-05-18 07:30:00+02:00,69.31
2024-05-18 07:45:00+02:00,69.31
2024-05-18 08:00:00+02:00,57.54
2024-05-18 08:15:00+02:00,57.54
2024-05-18 08:30:00+02:00,57.54
2024-05-18 08:45:00+02:00,57.54
2024-05-18 09:00:00+02:00,36.98
2024-05-18 09:15:00+02:00,36.98
2024-05-18 09:30:00+02:00,36.98
2024-05-18 09:45:00+02:00,36.98
2024-05-18 10:00:00+02:00,5.66
2024-05-18 10:15:00+02:00,5.66
2024-05-18 10:30:00+02:00,5.66
2024-05-18 10:45:00+02:00,5.66
2024-05-18 11:00:00+02:00,2.64
2024-05-18 11:15:00+02:00,2.64
2024-05-18 11:30:00+02:00,2.64
2024-05-18 11:45:00+02:00,2.64
2024-05-18 12:00:00+02:00,-1.91
2024-05-18 12:15:00+02:00,-1.91
2024-05-18 12:30:00+02:00,-1.91
2024-05-18 12:45:00+02:00,-1.91
2024-05-18 13:00:00+02:00,-2.3
2024-05-18 13:15:00+02:00,-2.3
2024-05-18 13:30:00+02:00,-2.3
2024-05-18 13:45:00+02:00,-2.3
2024-05-18 14:00:00+02:00,-4.21
2024-05-18 14:15:00+02:00,-4.21
2024-05-18 14:30:00+02:00,-4.21
2024-05-18 14:45:00+02:00,-4.21
2024-05-18 15:00:00+02:00,-0.71
2024-05-18 15:15:00+02:00,-0.71
2024-05-18 15:30:00+02:00,-0.71
2024-05-18 15:45:00+02:00,-0.71
2024-05-18 16:00:00+02:00,2.91
2024-05-18 16:15:00+02:00,2.91
2024-05-18 16:30:00+02:00,2.91
2024-05-18 16:45:00+02:00,2.91
2024-05-18 17:00:00+02:00,41.33
2024-05-18 17:15:00+02:00,41.33
2024-05-18 17:30:00+02:00,41.33
2024-05-18 17:45:00+02:00,41.33
2024-05-18 18:00:00+02:00,69.07
2024-05-18 18:15:00+02:00,69.07
2024-05-18 18:30:00+02:00,69.07
2024-05-18 18:45:00+02:00,69.07
2024-05-18 19:00:00+02:00,75.05
2024-05-18 19:15:00+02:00,75.05
2024-05-18 19:30:00+02:00,75.05
2024-05-18 19:45:00+02:00,75.05
2024-05-18 20:00:00+02:00,76.67
2024-05-18 20:15:00+02:00,76.67
2024-05-18 20:30:00+02:00,76.67
2024-05-18 20:45:00+02:00,76.67
2024-05-18 21:00:00+02:00,76.69
2024-05-18 21:15:00+02:00,76.69
2024-05-18 21:30:00+02:00,76.69
2024-05-18 21:45:00+02:00,76.69
2024-05-18 22:00:00+02:00,82.03
2024-05-18 22:15:00+02:00,82.03
2024-05-18 22:30:00+02:00,82.03
2024-05-18 22:45:00+02:00,82.03
2024-05-18 23:00:00+02:00,77.14
2024-05-18 23:15:00+02:00,77.14
2024-05-18 23:30:00+02:00,77.14
2024-05-18 23:45:00+02:00,77.14
2024-05-19 00:00:00+02:00,75.47
2024-05-19 00:15:00+02:00,75.47
2024-05-19 00:30:00+02:00,75.47
2024-05-19 00:45:00+02:00,75.47
2024-05-19 01:00:00+02:00,75.25
2024-05-19 01:15:00+02:00,75.25
2024-05-19 01:30:00+02:00,75.25
2024-05-19 01:45:00+02:00,75.25
2024-05-19 02:00:00+02:00,73.65
2024-05-19 02:15:00+02:00,73.65
2024-05-19 02:30:00+02:00,73.65
2024-05-19 02:45:00+02:00,73.65
2024-05-19 03:00:00+02:00,72.41
2024-05-19 03:15:00+02:00,72.41
2024-05-19 03:30:00+02:00,72.41
2024-05-19 03:45:00+02:00,72.41
2024-05-19 04:00:00+02:00,72.34
2024-05-19 04:15:00+02:00,72.34
2024-05-19 04:30:00+02:00,72.34
2024-05-19 04:45:00+02:00,72.34
2024-05-19 05:00:00+02:00,74.11
2024-05-19 05:15:00+02:00,74.11
2024-05-19 05:30:00+02:00,74.11
2024-05-19 05:45:00+02:00,74.11
2024-05-19 06:00:00+02:00,66.61
2024-05-19 06:15:00+02:00,66.61
2024-05-19 06:30:00+02:00,66.61
2024-05-19 06:45:00+02:00,66.61
2024-05-19 07:00:00+02:00,58.11
2024-05-19 07:15:00+02:00,58.11
2024-05-19 07:30:00+02:00,58.11
2024-05-19 07:45:00+02:00,58.11
2024-05-19 08:00:00+02:00,34.9
2024-05-19 08:15:00+02:00,34.9
2024-05-19 08:30:00+02:00,34.9
2024-05-19 08:45:00+02:00,34.9
2024-05-19 09:00:00+02:00,9.55
2024-05-19 09:15:00+02:00,9.55
2024-05-19 09:30:00+02:00,9.55
2024-05-19 09:45:00+02:00,9.55
2024-05-19 10:00:00+02:00,-1.13
2024-05-19 10:15:00+02:00,-1.13
2024-05-19 10:30:00+02:00,-1.13
2024-05-19 10:45:00+02:00,-1.13
2024-05-19 11:00:00+02:00,-10.82
2024-05-19 11:15:00+02:00,-10.82
2024-05-19 11:30:00+02:00,-10.82
2024-05-19 11:45:00+02:00,-10.82
2024-05-19 12:00:00+02:00,-15.85
2024-05-19 12:15:00+02:00,-15.85
2024-05-19 12:30:00+02:00,-15.85
2024-05-19 12:45:00+02:00,-15.85
2024-05-19 13:00:00+02:00,-19.66
2024-05-19 13:15:00+02:00,-19.66
2024-05-19 13:30:00+02:00,-19.66
2024-05-19 13:45:00+02:00,-19.66
2024-05-19 14:00:00+02:00,-23.59
2024-05-19 14:15:00+02:00,-23.59
2024-05-19 14:30:00+02:00,-23.59
2024-05-19 14:45:00+02:00,-23.59
2024-05-19 15:00:00+02:00,-20.31
2024-05-19 15:15:00+02:00,-20.31
2024-05-19 15:30:00+02:00,-20.31
2024-05-19 15:45:00+02:00,-20.31
2024-05-19 16:00:00+02:00,-7.54
2024-05-19 16:15:00+02:00,-7.54
2024-05-19 16:30:00+02:00,-7.54
2024-05-19 16:45:00+02:00,-7.54
2024-05-19 17:00:00+02:00,19.97
2024-05-19 17:15:00+02:00,19.97
2024-05-19 17:30:00+02:00,19.97
2024-05-19 17:45:00+02:00,19.97
2024-05-19 18:00:00+02:00,65.02
2024-05-19 18:15:00+02:00,65.02
2024-05-19 18:30:00+02:00,65.02
2024-05-19 18:45:00+02:00,65.02
2024-05-19 19:00:00+02:00,74.91
2024-05-19 19:15:00+02:00,74.91
2024-05-19 19:30:00+02:00,74.91
2024-05-19 19:45:00+02:00,74.91
2024-05-19 20:00:00+02:00,76.68
2024-05-19 20:15:00+02:00,76.68
2024-05-19 20:30:00+02:00,76.68
2024-05-19 20:45:00+02:00,76.68
2024-05-19 21:00:00+02:00,75.47
2024-05-19 21:15:00+02:00,75.47
2024-05-19 21:30:00+02:00,75.47
2024-05-19 21:45:00+02:00,75.47
2024-05-19 22:00:00+02:00,82.05
2024-05-19 22:15:00+02:00,82.05
2024-05-19 22:30:00+02:00,82.05
2024-05-19 22:45:00+02:00,82.05
2024-05-19 23:00:00+02:00,79.05
2024-05-19 23:15:00+02:00,79.05
2024-05-19 23:30:00+02:00,79.05
2024-05-19 23:45:00+02:00,79.05
2024-05-20 00:00:00+02:00,80.19
2024-05-20 00:15:00+02:00,80.19
2024-05-20 00:30:00+02:00,80.19
2024-05-20 00:45:00+02:00,80.19
2024-05-20 01:00:00+02:00,79.89
2024-05-20 01:15:00+02:00,79.89
2024-05-20 01:30:00+02:00,79.89
2024-05-20 01:45:00+02:00,79.89
2024-05-20 02:00:00+02:00,78.92
2024-05-20 02:15:00+02:00,78.92
2024-05-20 02:30:00+02:00,78.92
2024-05-20 02:45:00+02:00,78.92
2024-05-20 03:00:00+02:00,77.89
2024-05-20 03:15:00+02:00,77.89
2024-05-20 03:30:00+02:00,77.89
2024-05-20 03:45:00+02:00,77.89
2024-05-20 04:00:00+02:00,77.86
2024-05-20 04:15:00+02:00,77.86
2024-05-20 04:30:00+02:00,77.86
2024-05-20 04:45:00+02:00,77.86
2024-05-20 05:00:00+02:00,79.04
2024-05-20 05:15:00+02:00,79.04
2024-05-20 05:30:00+02:00,79.04
2024-05-20 05:45:00+02:00,79.04
2024-05-20 06:00:00+02:00,76.63
2024-05-20 06:15:00+02:00,76.63
2024-05-20 06:30:00+02:00,76.63
2024-05-20 06:45:00+02:00,76.63
2024-05-20 07:00:00+02:00,75.37
2024-05-20 07:15:00+02:00,75.37
2024-05-20 07:30:00+02:00,75.37
2024-05-20 07:45:00+02:00,75.37
2024-05-20 08:00:00+02:00,59.07
2024-05-20 08:15:00+02:00,59.07
2024-05-20 08:30:00+02:00,59.07
2024-05-20 08:45:00+02:00,59.07
2024-05-20 09:00:00+02:00,27.08
2024-05-20 09:15:00+02:00,27.08
2024-05-20 09:30:00+02:00,27.08
2024-05-20 09:45:00+02:00,27.08
2024-05-20 10:00:00+02:00,15.09
2024-05-20 10:15:00+02:00,15.09
2024-05-20 10:30:00+02:00,15.09
2024-05-20 10:45:00+02:00,15.09
2024-05-20 11:00:00+02:00,7.93
2024-05-20 11:15:00+02:00,7.93
2024-05-20 11:30:00+02:00,7.93
2024-05-20 11:45:00+02:00,7.93
2024-05-20 12:00:00+02:00,2.15
2024-05-20 12:15:00+02:00,2.15
2024-05-20 12:30:00+02:00,2.15
2024-05-20 12:45:00+02:00,2.15
2024-05-20 13:00:00+02:00,-0.46
2024-05-20 13:15:00+02:00,-0.46
2024-05-20 13:30:00+02:00,-0.46
2024-05-20 13:45:00+02:00,-0.46
2024-05-20 14:00:00+02:00,2.73
2024-05-20 14:15:00+02:00,2.73
2024-05-20 14:30:00+02:00,2.73
2024-05-20 14:45:00+02:00,2.73
2024-05-20 15:00:00+02:00,17.28
2024-05-20 15:15:00+02:00,17.28
2024-05-20 15:30:00+02:00,17.28
2024-05-20 15:45:00+02:00,17.28
2024-05-20 16:00:00+02:00,23.74
2024-05-20 16:15:00+02:00,23.74
2024-05-20 16:30:00+02:00,23.74
2024-05-20 16:45:00+02:00,23.74
2024-05-20 17:00:00+02:00,53.96
2024-05-20 17:15:00+02:00,53.96
2024-05-20 17:30:00+02:00,53.96
2024-05-20 17:45:00+02:00,53.96
2024-05-20 18:00:00+02:00,77.02
2024-05-20 18:15:00+02:00,77.02
2024-05-20 18:30:00+02:00,77.02
2024-05-20 18:45:00+02:00,77.02
2024-05-20 19:00:00+02:00,80.28
2024-05-20 19:15:00+02:00,80.28
2024-05-20 19:30:00+02:00,80.28
2024-05-20 19:45:00+02:00,80.28
2024-05-20 20:00:00+02:00,80.2
2024-05-20 20:15:00+02:00,80.2
2024-05-20 20:30:00+02:00,80.2
2024-05-20 20:45:00+02:00,80.2
2024-05-20 21:00:00+02:00,80.2
2024-05-20 21:15:00+02:00,80.2
2024-05-20 21:30:00+02:00,80.2
2024-05-20 21:45:00+02:00,80.2
2024-05-20 22:00:00+02:00,85.05
2024-05-20 22:15:00+02:00,85.05
2024-05-20 22:30:00+02:00,85.05
2024-05-20 22:45:00+02:00,85.05
2024-05-20 23:00:00+02:00,79.39
2024-05-20 23:15:00+02:00,79.39
2024-05-20 23:30:00+02:00,79.39
2024-05-20 23:45:00+02:00,79.39
2024-05-21 00:00:00+02:00,76.92
2024-05-21 00:15:00+02:00,76.92
2024-05-21 00:30:00+02:00,76.92
2024-05-21 00:45:00+02:00,76.92
2024-05-21 01:00:00+02:00,74.03
2024-05-21 01:15:00+02:00,74.03
2024-05-21 01:30:00+02:00,74.03
2024-05-21 01:45:00+02:00,74.03
2024-05-21 02:00:00+02:00,74.14
2024-05-21 02:15:00+02:00,74.14
2024-05-21 02:30:00+02:00,74.14
2024-05-21 02:45:00+02:00,74.14
2024-05-21 03:00:00+02:00,73.24
2024-05-21 03:15:00+02:00,73.24
2024-05-21 03:30:00+02:00,73.24
2024-05-21 03:45:00+02:00,73.24
2024-05-21 04:00:00+02:00,75.92
2024-05-21 04:15:00+02:00,75.92
2024-05-21 04:30:00+02:00,75.92
2024-05-21 04:45:00+02:00,75.92
2024-05-21 05:00:00+02:00,79.47
2024-05-21 05:15:00+02:00,79.47
2024-05-21 05:30:00+02:00,79.47
2024-05-21 05:45:00+02:00,79.47
2024-05-21 06:00:00+02:00,83.26
2024-05-21 06:15:00+02:00,83.26
2024-05-21 06:30:00+02:00,83.26
2024-05-21 06:45:00+02:00,83.26
2024-05-21 07:00:00+02:00,85.2
2024-05-21 07:15:00+02:00,85.2
2024-05-21 07:30:00+02:00,85.2
2024-05-21 07:45:00+02:00,85.2
2024-05-21 08:00:00+02:00,92.49
2024-05-21 08:15:00+02:00,92.49
2024-05-21 08:30:00+02:00,92.49
2024-05-21 08:45:00+02:00,92.49
2024-05-21 09:00:00+02:00,89.32
2024-05-21 09:15:00+02:00,89.32
2024-05-21 09:30:00+02:00,89.32
2024-05-21 09:45:00+02:00,89.32
2024-05-21 10:00:00+02:00,75.3
2024-05-21 10:15:00+02:00,75.3
2024-05-21 10:30:00+02:00,75.3
2024-05-21 10:45:00+02:00,75.3
2024-05-21 11:00:00+02:00,70.07
2024-05-21 11:15:00+02:00,70.07
2024-05-21 11:30:00+02:00,70.07
2024-05-21 11:45:00+02:00,70.07
2024-05-21 12:00:00+02:00,65.07
2024-05-21 12:15:00+02:00,65.07
2024-05-21 12:30:00+02:00,65.07
2024-05-21 12:45:00+02:00,65.07
2024-05-21 13:00:00+02:00,64.93
2024-05-21 13:15:00+02:00,64.93
2024-05-21 13:30:00+02:00,64.93
2024-05-21 13:45:00+02:00,64.93
2024-05-21 14:00:00+02:00,65.0
2024-05-21 14:15:00+02:00,65.0
2024-05-21 14:30:00+02:00,65.0
2024-05-21 14:45:00+02:00,65.0
2024-05-21 15:00:00+02:00,65.57
2024-05-21 15:15:00+02:00,65.57
2024-05-21 15:30:00+02:00,65.57
2024-05-21 15:45:00+02:00,65.57
2024-05-21 16:00:00+02:00,76.29
2024-05-21 16:15:00+02:00,76.29
2024-05-21 16:30:00+02:00,76.29
2024-05-21 16:45:00+02:00,76.29
2024-05-21 17:00:00+02:00,85.07
2024-05-21 17:15:00+02:00,85.07
2024-05-21 17:30:00+02:00,85.07
2024-05-21 17:45:00+02:00,85.07
2024-05-21 18:00:00+02:00,87.82
2024-05-21 18:15:00+02:00,87.82
2024-05-21 18:30:00+02:00,87.82
2024-05-21 18:45:00+02:00,87.82
2024-05-21 19:00:00+02:00,86.63
2024-05-21 19:15:00+02:00,86.63
2024-05-21 19:30:00+02:00,86.63
2024-05-21 19:45:00+02:00,86.63
2024-05-21 20:00:00+02:00,85.18
2024-05-21 20:15:00+02:00,85.18
2024-05-21 20:30:00+02:00,85.18
2024-05-21 20:45:00+02:00,85.18
2024-05-21 21:00:00+02:00,85.03
2024-05-21 21:15:00+02:00,85.03
2024-05-21 21:30:00+02:00,85.03
2024-05-21 21:45:00+02:00,85.03
2024-05-21 22:00:00+02:00,76.44
2024-05-21 22:15:00+02:00,76.44
2024-05-21 22:30:00+02:00,76.44
2024-05-21 22:45:00+02:00,76.44
2024-05-21 23:00:00+02:00,70.0
2024-05-21 23:15:00+02:00,70.0
2024-05-21 23:30:00+02:00,70.0
2024-05-21 23:45:00+02:00,70.0
2024-05-22 00:00:00+02:00,72.68
2024-05-22 00:15:00+02:00,72.68
2024-05-22 00:30:00+02:00,72.68
2024-05-22 00:45:00+02:00,72.68
2024-05-22 01:00:00+02:00,69.21
2024-05-22 01:15:00+02:00,69.21
2024-05-22 01:30:00+02:00,69.21
2024-05-22 01:45:00+02:00,69.21
2024-05-22 02:00:00+02:00,64.06
2024-05-22 02:15:00+02:00,64.06
2024-05-22 02:30:00+02:00,64.06
2024-05-22 02:45:00+02:00,64.06
2024-05-22 03:00:00+02:00,62.57
2024-05-22 03:15:00+02:00,62.57
2024-05-22 03:30:00+02:00,62.57
2024-05-22 03:45:00+02:00,62.57
2024-05-22 04:00:00+02:00,63.87
2024-05-22 04:15:00+02:00,63.87
2024-05-22 04:30:00+02:00,63.87
2024-05-22 04:45:00+02:00,63.87
2024-05-22 05:00:00+02:00,71.17
2024-05-22 05:15:00+02:00,71.17
2024-05-22 05:30:00+02:00,71.17
2024-05-22 05:45:00+02:00,71.17
2024-05-22 06:00:00+02:00,90.98
2024-05-22 06:15:00+02:00,90.98
2024-05-22 06:30:00+02:00,90.98
2024-05-22 06:45:00+02:00,90.98
2024-05-22 07:00:00+02:00,89.04
2024-05-22 07:15:00+02:00,89.04
2024-05-22 07:30:00+02:00,89.04
2024-05-22 07:45:00+02:00,89.04
2024-05-22 08:00:00+02:00,88.86
2024-05-22 08:15:00+02:00,88.86
2024-05-22 08:30:00+02:00,88.86
2024-05-22 08:45:00+02:00,88.86
2024-05-22 09:00:00+02:00,85.02
2024-05-22 09:15:00+02:00,85.02
2024-05-22 09:30:00+02:00,85.02
2024-05-22 09:45:00+02:00,85.02
2024-05-22 10:00:00+02:00,75.96
2024-05-22 10:15:00+02:00,75.96
2024-05-22 10:30:00+02:00,75.96
2024-05-22 10:45:00+02:00,75.96
2024-05-22 11:00:00+02:00,67.89
2024-05-22 11:15:00+02:00,67.89
2024-05-22 11:30:00+02:00,67.89
2024-05-22 11:45:00+02:00,67.89
2024-05-22 12:00:00+02:00,54.2
2024-05-22 12:15:00+02:00,54.2
2024-05-22 12:30:00+02:00,54.2
2024-05-22 12:45:00+02:00,54.2
2024-05-22 13:00:00+02:00,48.04
2024-05-22 13:15:00+02:00,48.04
2024-05-22 13:30:00+02:00,48.04
2024-05-22 13:45:00+02:00,48.04
2024-05-22 14:00:00+02:00,48.92
2024-05-22 14:15:00+02:00,48.92
2024-05-22 14:30:00+02:00,48.92
2024-05-22 14:45:00+02:00,48.92
2024-05-22 15:00:00+02:00,58.45
2024-05-22 15:15:00+02:00,58.45
2024-05-22 15:30:00+02:00,58.45
2024-05-22 15:45:00+02:00,58.45
2024-05-22 16:00:00+02:00,73.31
2024-05-22 16:15:00+02:00,73.31
2024-05-22 16:30:00+02:00,73.31
2024-05-22 16:45:00+02:00,73.31
2024-05-22 17:00:00+02:00,85.1
2024-05-22 17:15:00+02:00,85.1
2024-05-22 17:30:00+02:00,85.1
2024-05-22 17:45:00+02:00,85.1
2024-05-22 18:00:00+02:00,94.5
2024-05-22 18:15:00+02:00,94.5
2024-05-22 18:30:00+02:00,94.5
2024-05-22 18:45:00+02:00,94.5
2024-05-22 19:00:00+02:00,91.17
2024-05-22 19:15:00+02:00,91.17
2024-05-22 19:30:00+02:00,91.17
2024-05-22 19:45:00+02:00,91.17
2024-05-22 20:00:00+02:00,91.21
2024-05-22 20:15:00+02:00,91.21
2024-05-22 20:30:00+02:00,91.21
2024-05-22 20:45:00+02:00,91.21
2024-05-22 21:00:00+02:00,92.62
2024-05-22 21:15:00+02:00,92.62
2024-05-22 21:30:00+02:00,92.62
2024-05-22 21:45:00+02:00,92.62
2024-05-22 22:00:00+02:00,94.41
2024-05-22 22:15:00+02:00,94.41
2024-05-22 22:30:00+02:00,94.41
2024-05-22 22:45:00+02:00,94.41
2024-05-22 23:00:00+02:00,91.18
2024-05-22 23:15:00+02:00,91.18
2024-05-22 23:30:00+02:00,91.18
2024-05-22 23:45:00+02:00,91.18
2024-05-23 00:00:00+02:00,86.92
2024-05-23 00:15:00+02:00,86.92
2024-05-23 00:30:00+02:00,86.92
2024-05-23 00:45:00+02:00,86.92
2024-05-23 01:00:00+02:00,85.33
2024-05-23 01:15:00+02:00,85.33
2024-05-23 01:30:00+02:00,85.33
2024-05-23 01:45:00+02:00,85.33
2024-05-23 02:00:00+02:00,79.07
2024-05-23 02:15:00+02:00,79.07
2024-05-23 02:30:00+02:00,79.07
2024-05-23 02:45:00+02:00,79.07
2024-05-23 03:00:00+02:00,77.92
2024-05-23 03:15:00+02:00,77.92
2024-05-23 03:30:00+02:00,77.92
2024-05-23 03:45:00+02:00,77.92
2024-05-23 04:00:00+02:00,81.16
2024-05-23 04:15:00+02:00,81.16
2024-05-23 04:30:00+02:00,81.16
2024-05-23 04:45:00+02:00,81.16
2024-05-23 05:00:00+02:00,87.03
2024-05-23 05:15:00+02:00,87.03
2024-05-23 05:30:00+02:00,87.03
2024-05-23 05:45:00+02:00,87.03
2024-05-23 06:00:00+02:00,100.06
2024-05-23 06:15:00+02:00,100.06
2024-05-23 06:30:00+02:00,100.06
2024-05-23 06:45:00+02:00,100.06
2024-05-23 07:00:00+02:00,89.38
2024-05-23 07:15:00+02:00,89.38
2024-05-23 07:30:00+02:00,89.38
2024-05-23 07:45:00+02:00,89.38
2024-05-23 08:00:00+02:00,91.03
2024-05-23 08:15:00+02:00,91.03
2024-05-23 08:30:00+02:00,91.03
2024-05-23 08:45:00+02:00,91.03
2024-05-23 09:00:00+02:00,82.04
2024-05-23 09:15:00+02:00,82.04
2024-05-23 09:30:00+02:00,82.04
2024-05-23 09:45:00+02:00,82.04
2024-05-23 10:00:00+02:00,70.11
2024-05-23 10:15:00+02:00,70.11
2024-05-23 10:30:00+02:00,70.11
2024-05-23 10:45:00+02:00,70.11
2024-05-23 11:00:00+02:00,70.52
2024-05-23 11:15:00+02:00,70.52
2024-05-23 11:30:00+02:00,70.52
2024-05-23 11:45:00+02:00,70.52
2024-05-23 12:00:00+02:00,67.48
2024-05-23 12:15:00+02:00,67.48
2024-05-23 12:30:00+02:00,67.48
2024-05-23 12:45:00+02:00,67.48
2024-05-23 13:00:00+02:00,67.48
2024-05-23 13:15:00+02:00,67.48
2024-05-23 13:30:00+02:00,67.48
2024-05-23 13:45:00+02:00,67.48
2024-05-23 14:00:00+02:00,66.39
2024-05-23 14:15:00+02:00,66.39
2024-05-23 14:30:00+02:00,66.39
2024-05-23 14:45:00+02:00,66.39
2024-05-23 15:00:00+02:00,70.16
2024-05-23 15:15:00+02:00,70.16
2024-05-23 15:30:00+02:00,70.16
2024-05-23 15:45:00+02:00,70.16
2024-05-23 16:00:00+02:00,86.43
2024-05-23 16:15:00+02:00,86.43
2024-05-23 16:30:00+02:00,86.43
2024-05-23 16:45:00+02:00,86.43
2024-05-23 17:00:00+02:00,89.38
2024-05-23 17:15:00+02:00,89.38
2024-05-23 17:30:00+02:00,89.38
2024-05-23 17:45:00+02:00,89.38
2024-05-23 18:00:00+02:00,93.05
2024-05-23 18:15:00+02:00,93.05
2024-05-23 18:30:00+02:00,93.05
2024-05-23 18:45:00+02:00,93.05
2024-05-23 19:00:00+02:00,89.4
2024-05-23 19:15:00+02:00,89.4
2024-05-23 19:30:00+02:00,89.4
2024-05-23 19:45:00+02:00,89.4
2024-05-23 20:00:00+02:00,88.63
2024-05-23 20:15:00+02:00,88.63
2024-05-23 20:30:00+02:00,88.63
2024-05-23 20:45:00+02:00,88.63
2024-05-23 21:00:00+02:00,88.55
2024-05-23 21:15:00+02:00,88.55
2024-05-23 21:30:00+02:00,88.55
2024-05-23 21:45:00+02:00,88.55
2024-05-23 22:00:00+02:00,89.27
2024-05-23 22:15:00+02:00,89.27
2024-05-23 22:30:00+02:00,89.27
2024-05-23 22:45:00+02:00,89.27
2024-05-23 23:00:00+02:00,88.48
2024-05-23 23:15:00+02:00,88.48
2024-05-23 23:30:00+02:00,88.48
2024-05-23 23:45:00+02:00,88.48
2024-05-24 00:00:00+02:00,89.61
2024-05-24 00:15:00+02:00,89.61
2024-05-24 00:30:00+02:00,89.61
2024-05-24 00:45:00+02:00,89.61
2024-05-24 01:00:00+02:00,87.5
2024-05-24 01:15:00+02:00,87.5
2024-05-24 01:30:00+02:00,87.5
2024-05-24 01:45:00+02:00,87.5
2024-05-24 02:00:00+02:00,87.72
2024-05-24 02:15:00+02:00,87.72
2024-05-24 02:30:00+02:00,87.72
2024-05-24 02:45:00+02:00,87.72
2024-05-24 03:00:00+02:00,87.49
2024-05-24 03:15:00+02:00,87.49
2024-05-24 03:30:00+02:00,87.49
2024-05-24 03:45:00+02:00,87.49
2024-05-24 04:00:00+02:00,87.04
2024-05-24 04:15:00+02:00,87.04
2024-05-24 04:30:00+02:00,87.04
2024-05-24 04:45:00+02:00,87.04
2024-05-24 05:00:00+02:00,88.57
2024-05-24 05:15:00+02:00,88.57
2024-05-24 05:30:00+02:00,88.57
2024-05-24 05:45:00+02:00,88.57
2024-05-24 06:00:00+02:00,87.93
2024-05-24 06:15:00+02:00,87.93
2024-05-24 06:30:00+02:00,87.93
2024-05-24 06:45:00+02:00,87.93
2024-05-24 07:00:00+02:00,89.28
2024-05-24 07:15:00+02:00,89.28
2024-05-24 07:30:00+02:00,89.28
2024-05-24 07:45:00+02:00,89.28
2024-05-24 08:00:00+02:00,88.9
2024-05-24 08:15:00+02:00,88.9
2024-05-24 08:30:00+02:00,88.9
2024-05-24 08:45:00+02:00,88.9
2024-05-24 09:00:00+02:00,87.37
2024-05-24 09:15:00+02:00,87.37
2024-05-24 09:30:00+02:00,87.37
2024-05-24 09:45:00+02:00,87.37
2024-05-24 10:00:00+02:00,88.5
2024-05-24 10:15:00+02:00,88.5
2024-05-24 10:30:00+02:00,88.5
2024-05-24 10:45:00+02:00,88.5
2024-05-24 11:00:00+02:00,87.07
2024-05-24 11:15:00+02:00,87.07
2024-05-24 11:30:00+02:00,87.07
2024-05-24 11:45:00+02:00,87.07
2024-05-24 12:00:00+02:00,84.21
2024-05-24 12:15:00+02:00,84.21
2024-05-24 12:30:00+02:00,84.21
2024-05-24 12:45:00+02:00,84.21
2024-05-24 13:00:00+02:00,82.09
2024-05-24 13:15:00+02:00,82.09
2024-05-24 13:30:00+02:00,82.09
2024-05-24 13:45:00+02:00,82.09
2024-05-24 14:00:00+02:00,79.3
2024-05-24 14:15:00+02:00,79.3
2024-05-24 14:30:00+02:00,79.3
2024-05-24 14:45:00+02:00,79.3
2024-05-24 15:00:00+02:00,83.9
2024-05-24 15:15:00+02:00,83.9
2024-05-24 15:30:00+02:00,83.9
2024-05-24 15:45:00+02:00,83.9
2024-05-24 16:00:00+02:00,86.14
2024-05-24 16:15:00+02:00,86.14
2024-05-24 16:30:00+02:00,86.14
2024-05-24 16:45:00+02:00,86.14
2024-05-24 17:00:00+02:00,87.42
2024-05-24 17:15:00+02:00,87.42
2024-05-24 17:30:00+02:00,87.42
2024-05-24 17:45:00+02:00,87.42
2024-05-24 18:00:00+02:00,86.08
2024-05-24 18:15:00+02:00,86.08
2024-05-24 18:30:00+02:00,86.08
2024-05-24 18:45:00+02:00,86.08
2024-05-24 19:00:00+02:00,86.09
2024-05-24 19:15:00+02:00,86.09
2024-05-24 19:30:00+02:00,86.09
2024-05-24 19:45:00+02:00,86.09
2024-05-24 20:00:00+02:00,87.18
2024-05-24 20:15:00+02:00,87.18
2024-05-24 20:30:00+02:00,87.18
2024-05-24 20:45:00+02:00,87.18
2024-05-24 21:00:00+02:00,90.85
2024-05-24 21:15:00+02:00,90.85
2024-05-24 21:30:00+02:00,90.85
2024-05-24 21:45:00+02:00,90.85
2024-05-24 22:00:00+02:00,91.56
2024-05-24 22:15:00+02:00,91.56
2024-05-24 22:30:00+02:00,91.56
2024-05-24 22:45:00+02:00,91.56
2024-05-24 23:00:00+02:00,87.99
2024-05-24 23:15:00+02:00,87.99
2024-05-24 23:30:00+02:00,87.99
2024-05-24 23:45:00+02:00,87.99
2024-05-25 00:00:00+02:00,87.23
2024-05-25 00:15:00+02:00,87.23
2024-05-25 00:30:00+02:00,87.23
2024-05-25 00:45:00+02:00,87.23
2024-05-25 01:00:00+02:00,86.72
2024-05-25 01:15:00+02:00,86.72
2024-05-25 01:30:00+02:00,86.72
2024-05-25 01:45:00+02:00,86.72
2024-05-25 02:00:00+02:00,86.18
2024-05-25 02:15:00+02:00,86.18
2024-05-25 02:30:00+02:00,86.18
2024-05-25 02:45:00+02:00,86.18
2024-05-25 03:00:00+02:00,86.43
2024-05-25 03:15:00+02:00,86.43
2024-05-25 03:30:00+02:00,86.43
2024-05-25 03:45:00+02:00,86.43
2024-05-25 04:00:00+02:00,88.06
2024-05-25 04:15:00+02:00,88.06
2024-05-25 04:30:00+02:00,88.06
2024-05-25 04:45:00+02:00,88.06
2024-05-25 05:00:00+02:00,87.85
2024-05-25 05:15:00+02:00,87.85
2024-05-25 05:30:00+02:00,87.85
2024-05-25 05:45:00+02:00,87.85
2024-05-25 06:00:00+02:00,87.04
2024-05-25 06:15:00+02:00,87.04
2024-05-25 06:30:00+02:00,87.04
2024-05-25 06:45:00+02:00,87.04
2024-05-25 07:00:00+02:00,88.19
2024-05-25 07:15:00+02:00,88.19
2024-05-25 07:30:00+02:00,88.19
2024-05-25 07:45:00+02:00,88.19
2024-05-25 08:00:00+02:00,84.43
2024-05-25 08:15:00+02:00,84.43
2024-05-25 08:30:00+02:00,84.43
2024-05-25 08:45:00+02:00,84.43
2024-05-25 09:00:00+02:00,70.06
2024-05-25 09:15:00+02:00,70.06
2024-05-25 09:30:00+02:00,70.06
2024-05-25 09:45:00+02:00,70.06
2024-05-25 10:00:00+02:00,54.85
2024-05-25 10:15:00+02:00,54.85
2024-05-25 10:30:00+02:00,54.85
2024-05-25 10:45:00+02:00,54.85
2024-05-25 11:00:00+02:00,31.57
2024-05-25 11:15:00+02:00,31.57
2024-05-25 11:30:00+02:00,31.57
2024-05-25 11:45:00+02:00,31.57
2024-05-25 12:00:00+02:00,11.63
2024-05-25 12:15:00+02:00,11.63
2024-05-25 12:30:00+02:00,11.63
2024-05-25 12:45:00+02:00,11.63
2024-05-25 13:00:00+02:00,7.91
2024-05-25 13:15:00+02:00,7.91
2024-05-25 13:30:00+02:00,7.91
2024-05-25 13:45:00+02:00,7.91
2024-05-25 14:00:00+02:00,5.3
2024-05-25 14:15:00+02:00,5.3
2024-05-25 14:30:00+02:00,5.3
2024-05-25 14:45:00+02:00,5.3
2024-05-25 15:00:00+02:00,18.35
2024-05-25 15:15:00+02:00,18.35
2024-05-25 15:30:00+02:00,18.35
2024-05-25 15:45:00+02:00,18.35
2024-05-25 16:00:00+02:00,50.83
2024-05-25 16:15:00+02:00,50.83
2024-05-25 16:30:00+02:00,50.83
2024-05-25 16:45:00+02:00,50.83
2024-05-25 17:00:00+02:00,77.74
2024-05-25 17:15:00+02:00,77.74
2024-05-25 17:30:00+02:00,77.74
2024-05-25 17:45:00+02:00,77.74
2024-05-25 18:00:00+02:00,86.2
2024-05-25 18:15:00+02:00,86.2
2024-05-25 18:30:00+02:00,86.2
2024-05-25 18:45:00+02:00,86.2
2024-05-25 19:00:00+02:00,88.06
2024-05-25 19:15:00+02:00,88.06
2024-05-25 19:30:00+02:00,88.06
2024-05-25 19:45:00+02:00,88.06
2024-05-25 20:00:00+02:00,86.12
2024-05-25 20:15:00+02:00,86.12
2024-05-25 20:30:00+02:00,86.12
2024-05-25 20:45:00+02:00,86.12
2024-05-25 21:00:00+02:00,86.12
2024-05-25 21:15:00+02:00,86.12
2024-05-25 21:30:00+02:00,86.12
2024-05-25 21:45:00+02:00,86.12
2024-05-25 22:00:00+02:00,85.81
2024-05-25 22:15:00+02:00,85.81
2024-05-25 22:30:00+02:00,85.81
2024-05-25 22:45:00+02:00,85.81
2024-05-25 23:00:00+02:00,85.59
2024-05-25 23:15:00+02:00,85.59
2024-05-25 23:30:00+02:00,85.59
2024-05-25 23:45:00+02:00,85.59
2024-05-26 00:00:00+02:00,83.62
2024-05-26 00:15:00+02:00,83.62
2024-05-26 00:30:00+02:00,83.62
2024-05-26 00:45:00+02:00,83.62
2024-05-26 01:00:00+02:00,84.08
2024-05-26 01:15:00+02:00,84.08
2024-05-26 01:30:00+02:00,84.08
2024-05-26 01:45:00+02:00,84.08
2024-05-26 02:00:00+02:00,84.57
2024-05-26 02:15:00+02:00,84.57
2024-05-26 02:30:00+02:00,84.57
2024-05-26 02:45:00+02:00,84.57
2024-05-26 03:00:00+02:00,83.24
2024-05-26 03:15:00+02:00,83.24
2024-05-26 03:30:00+02:00,83.24
2024-05-26 03:45:00+02:00,83.24
2024-05-26 04:00:00+02:00,83.22
2024-05-26 04:15:00+02:00,83.22
2024-05-26 04:30:00+02:00,83.22
2024-05-26 04:45:00+02:00,83.22
2024-05-26 05:00:00+02:00,81.9
2024-05-26 05:15:00+02:00,81.9
2024-05-26 05:30:00+02:00,81.9
2024-05-26 05:45:00+02:00,81.9
2024-05-26 06:00:00+02:00,74.75
2024-05-26 06:15:00+02:00,74.75
2024-05-26 06:30:00+02:00,74.75
2024-05-26 06:45:00+02:00,74.75
2024-05-26 07:00:00+02:00,65.49
2024-05-26 07:15:00+02:00,65.49
2024-05-26 07:30:00+02:00,65.49
2024-05-26 07:45:00+02:00,65.49
2024-05-26 08:00:00+02:00,26.81
2024-05-26 08:15:00+02:00,26.81
2024-05-26 08:30:00+02:00,26.81
2024-05-26 08:45:00+02:00,26.81
2024-05-26 09:00:00+02:00,5.52
2024-05-26 09:15:00+02:00,5.52
2024-05-26 09:30:00+02:00,5.52
2024-05-26 09:45:00+02:00,5.52
2024-05-26 10:00:00+02:00,-0.96
2024-05-26 10:15:00+02:00,-0.96
2024-05-26 10:30:00+02:00,-0.96
2024-05-26 10:45:00+02:00,-0.96
2024-05-26 11:00:00+02:00,-1.99
2024-05-26 11:15:00+02:00,-1.99
2024-05-26 11:30:00+02:00,-1.99
2024-05-26 11:45:00+02:00,-1.99
2024-05-26 12:00:00+02:00,-5.2
2024-05-26 12:15:00+02:00,-5.2
2024-05-26 12:30:00+02:00,-5.2
2024-05-26 12:45:00+02:00,-5.2
2024-05-26 13:00:00+02:00,-11.1
2024-05-26 13:15:00+02:00,-11.1
2024-05-26 13:30:00+02:00,-11.1
2024-05-26 13:45:00+02:00,-11.1
2024-05-26 14:00:00+02:00,-13.58
2024-05-26 14:15:00+02:00,-13.58
2024-05-26 14:30:00+02:00,-13.58
2024-05-26 14:45:00+02:00,-13.58
2024-05-26 15:00:00+02:00,-6.55
2024-05-26 15:15:00+02:00,-6.55
2024-05-26 15:30:00+02:00,-6.55
2024-05-26 15:45:00+02:00,-6.55
2024-05-26 16:00:00+02:00,-0.03
2024-05-26 16:15:00+02:00,-0.03
2024-05-26 16:30:00+02:00,-0.03
2024-05-26 16:45:00+02:00,-0.03
2024-05-26 17:00:00+02:00,51.63
2024-05-26 17:15:00+02:00,51.63
2024-05-26 17:30:00+02:00,51.63
2024-05-26 17:45:00+02:00,51.63
2024-05-26 18:00:00+02:00,81.65
2024-05-26 18:15:00+02:00,81.65
2024-05-26 18:30:00+02:00,81.65
2024-05-26 18:45:00+02:00,81.65
2024-05-26 19:00:00+02:00,84.08
2024-05-26 19:15:00+02:00,84.08
2024-05-26 19:30:00+02:00,84.08
2024-05-26 19:45:00+02:00,84.08
2024-05-26 20:00:00+02:00,87.14
2024-05-26 20:15:00+02:00,87.14
2024-05-26 20:30:00+02:00,87.14
2024-05-26 20:45:00+02:00,87.14
2024-05-26 21:00:00+02:00,85.66
2024-05-26 21:15:00+02:00,85.66
2024-05-26 21:30:00+02:00,85.66
2024-05-26 21:45:00+02:00,85.66
2024-05-26 22:00:00+02:00,87.72
2024-05-26 22:15:00+02:00,87.72
2024-05-26 22:30:00+02:00,87.72
2024-05-26 22:45:00+02:00,87.72
2024-05-26 23:00:00+02:00,86.12
2024-05-26 23:15:00+02:00,86.12
2024-05-26 23:30:00+02:00,86.12
2024-05-26 23:45:00+02:00,86.12
2024-05-27 00:00:00+02:00,82.85
2024-05-27 00:15:00+02:00,82.85
2024-05-27 00:30:00+02:00,82.85
2024-05-27 00:45:00+02:00,82.85
2024-05-27 01:00:00+02:00,82.52
2024-05-27 01:15:00+02:00,82.52
2024-05-27 01:30:00+02:00,82.52
2024-05-27 01:45:00+02:00,82.52
2024-05-27 02:00:00+02:00,79.9
2024-05-27 02:15:00+02:00,79.9
2024-05-27 02:30:00+02:00,79.9
2024-05-27 02:45:00+02:00,79.9
2024-05-27 03:00:00+02:00,79.92
2024-05-27 03:15:00+02:00,79.92
2024-05-27 03:30:00+02:00,79.92
2024-05-27 03:45:00+02:00,79.92
2024-05-27 04:00:00+02:00,82.75
2024-05-27 04:15:00+02:00,82.75
2024-05-27 04:30:00+02:00,82.75
2024-05-27 04:45:00+02:00,82.75
2024-05-27 05:00:00+02:00,86.22
2024-05-27 05:15:00+02:00,86.22
2024-05-27 05:30:00+02:00,86.22
2024-05-27 05:45:00+02:00,86.22
2024-05-27 06:00:00+02:00,85.98
2024-05-27 06:15:00+02:00,85.98
2024-05-27 06:30:00+02:00,85.98
2024-05-27 06:45:00+02:00,85.98
2024-05-27 07:00:00+02:00,83.57
2024-05-27 07:15:00+02:00,83.57
2024-05-27 07:30:00+02:00,83.57
2024-05-27 07:45:00+02:00,83.57
2024-05-27 08:00:00+02:00,86.3
2024-05-27 08:15:00+02:00,86.3
2024-05-27 08:30:00+02:00,86.3
2024-05-27 08:45:00+02:00,86.3
2024-05-27 09:00:00+02:00,85.26
2024-05-27 09:15:00+02:00,85.26
2024-05-27 09:30:00+02:00,85.26
2024-05-27 09:45:00+02:00,85.26
2024-05-27 10:00:00+02:00,85.84
2024-05-27 10:15:00+02:00,85.84
2024-05-27 10:30:00+02:00,85.84
2024-05-27 10:45:00+02:00,85.84
2024-05-27 11:00:00+02:00,84.06
2024-05-27 11:15:00+02:00,84.06
2024-05-27 11:30:00+02:00,84.06
2024-05-27 11:45:00+02:00,84.06
2024-05-27 12:00:00+02:00,80.74
2024-05-27 12:15:00+02:00,80.74
2024-05-27 12:30:00+02:00,80.74
2024-05-27 12:45:00+02:00,80.74
2024-05-27 13:00:00+02:00,81.57
2024-05-27 13:15:00+02:00,81.57
2024-05-27 13:30:00+02:00,81.57
2024-05-27 13:45:00+02:00,81.57
2024-05-27 14:00:00+02:00,74.75
2024-05-27 14:15:00+02:00,74.75
2024-05-27 14:30:00+02:00,74.75
2024-05-27 14:45:00+02:00,74.75
2024-05-27 15:00:00+02:00,80.57
2024-05-27 15:15:00+02:00,80.57
2024-05-27 15:30:00+02:00,80.57
2024-05-27 15:45:00+02:00,80.57
2024-05-27 16:00:00+02:00,87.04
2024-05-27 16:15:00+02:00,87.04
2024-05-27 16:30:00+02:00,87.04
2024-05-27 16:45:00+02:00,87.04
2024-05-27 17:00:00+02:00,87.01
2024-05-27 17:15:00+02:00,87.01
2024-05-27 17:30:00+02:00,87.01
2024-05-27 17:45:00+02:00,87.01
2024-05-27 18:00:00+02:00,85.75
2024-05-27 18:15:00+02:00,85.75
2024-05-27 18:30:00+02:00,85.75
2024-05-27 18:45:00+02:00,85.75
2024-05-27 19:00:00+02:00,83.2
2024-05-27 19:15:00+02:00,83.2
2024-05-27 19:30:00+02:00,83.2
2024-05-27 19:45:00+02:00,83.2
2024-05-27 20:00:00+02:00,83.2
2024-05-27 20:15:00+02:00,83.2
2024-05-27 20:30:00+02:00,83.2
2024-05-27 20:45:00+02:00,83.2
2024-05-27 21:00:00+02:00,83.09
2024-05-27 21:15:00+02:00,83.09
2024-05-27 21:30:00+02:00,83.09
2024-05-27 21:45:00+02:00,83.09
2024-05-27 22:00:00+02:00,82.86
2024-05-27 22:15:00+02:00,82.86
2024-05-27 22:30:00+02:00,82.86
2024-05-27 22:45:00+02:00,82.86
2024-05-27 23:00:00+02:00,82.32
2024-05-27 23:15:00+02:00,82.32
2024-05-27 23:30:00+02:00,82.32
2024-05-27 23:45:00+02:00,82.32
2024-05-28 00:00:00+02:00,83.28
2024-05-28 00:15:00+02:00,83.28
2024-05-28 00:30:00+02:00,83.28
2024-05-28 00:45:00+02:00,83.28
2024-05-28 01:00:00+02:00,83.28
2024-05-28 01:15:00+02:00,83.28
2024-05-28 01:30:00+02:00,83.28
2024-05-28 01:45:00+02:00,83.28
2024-05-28 02:00:00+02:00,84.01
2024-05-28 02:15:00+02:00,84.01
2024-05-28 02:30:00+02:00,84.01
2024-05-28 02:45:00+02:00,84.01
2024-05-28 03:00:00+02:00,83.94
2024-05-28 03:15:00+02:00,83.94
2024-05-28 03:30:00+02:00,83.94
2024-05-28 03:45:00+02:00,83.94
2024-05-28 04:00:00+02:00,83.3
2024-05-28 04:15:00+02:00,83.3
2024-05-28 04:30:00+02:00,83.3
2024-05-28 04:45:00+02:00,83.3
2024-05-28 05:00:00+02:00,83.26
2024-05-28 05:15:00+02:00,83.26
2024-05-28 05:30:00+02:00,83.26
2024-05-28 05:45:00+02:00,83.26
2024-05-28 06:00:00+02:00,83.25
2024-05-28 06:15:00+02:00,83.25
2024-05-28 06:30:00+02:00,83.25
2024-05-28 06:45:00+02:00,83.25
2024-05-28 07:00:00+02:00,83.27
2024-05-28 07:15:00+02:00,83.27
2024-05-28 07:30:00+02:00,83.27
2024-05-28 07:45:00+02:00,83.27
2024-05-28 08:00:00+02:00,83.26
2024-05-28 08:15:00+02:00,83.26
2024-05-28 08:30:00+02:00,83.26
2024-05-28 08:45:00+02:00,83.26
2024-05-28 09:00:00+02:00,84.06
2024-05-28 09:15:00+02:00,84.06
2024-05-28 09:30:00+02:00,84.06
2024-05-28 09:45:00+02:00,84.06
2024-05-28 10:00:00+02:00,82.76
2024-05-28 10:15:00+02:00,82.76
2024-05-28 10:30:00+02:00,82.76
2024-05-28 10:45:00+02:00,82.76
2024-05-28 11:00:00+02:00,80.85
2024-05-28 11:15:00+02:00,80.85
2024-05-28 11:30:00+02:00,80.85
2024-05-28 11:45:00+02:00,80.85
2024-05-28 12:00:00+02:00,65.38
2024-05-28 12:15:00+02:00,65.38
2024-05-28 12:30:00+02:00,65.38
2024-05-28 12:45:00+02:00,65.38
2024-05-28 13:00:00+02:00,63.96
2024-05-28 13:15:00+02:00,63.96
2024-05-28 13:30:00+02:00,63.96
2024-05-28 13:45:00+02:00,63.96
2024-05-28 14:00:00+02:00,62.86
2024-05-28 14:15:00+02:00,62.86
2024-05-28 14:30:00+02:00,62.86
2024-05-28 14:45:00+02:00,62.86
2024-05-28 15:00:00+02:00,65.98
2024-05-28 15:15:00+02:00,65.98
2024-05-28 15:30:00+02:00,65.98
2024-05-28 15:45:00+02:00,65.98
2024-05-28 16:00:00+02:00,80.74
2024-05-28 16:15:00+02:00,80.74
2024-05-28 16:30:00+02:00,80.74
2024-05-28 16:45:00+02:00,80.74
2024-05-28 17:00:00+02:00,83.24
2024-05-28 17:15:00+02:00,83.24
2024-05-28 17:30:00+02:00,83.24
2024-05-28 17:45:00+02:00,83.24
2024-05-28 18:00:00+02:00,83.21
2024-05-28 18:15:00+02:00,83.21
2024-05-28 18:30:00+02:00,83.21
2024-05-28 18:45:00+02:00,83.21
2024-05-28 19:00:00+02:00,82.03
2024-05-28 19:15:00+02:00,82.03
2024-05-28 19:30:00+02:00,82.03
2024-05-28 19:45:00+02:00,82.03
2024-05-28 20:00:00+02:00,82.72
2024-05-28 20:15:00+02:00,82.72
2024-05-28 20:30:00+02:00,82.72
2024-05-28 20:45:00+02:00,82.72
2024-05-28 21:00:00+02:00,83.21
2024-05-28 21:15:00+02:00,83.21
2024-05-28 21:30:00+02:00,83.21
2024-05-28 21:45:00+02:00,83.21
2024-05-28 22:00:00+02:00,83.22
2024-05-28 22:15:00+02:00,83.22
2024-05-28 22:30:00+02:00,83.22
2024-05-28 22:45:00+02:00,83.22
2024-05-28 23:00:00+02:00,83.23
2024-05-28 23:15:00+02:00,83.23
2024-05-28 23:30:00+02:00,83.23
2024-05-28 23:45:00+02:00,83.23
2024-05-29 00:00:00+02:00,75.1
2024-05-29 00:15:00+02:00,75.1
2024-05-29 00:30:00+02:00,75.1
2024-05-29 00:45:00+02:00,75.1
2024-05-29 01:00:00+02:00,66.38
2024-05-29 01:15:00+02:00,66.38
2024-05-29 01:30:00+02:00,66.38
2024-05-29 01:45:00+02:00,66.38
2024-05-29 02:00:00+02:00,65.37
2024-05-29 02:15:00+02:00,65.37
2024-05-29 02:30:00+02:00,65.37
2024-05-29 02:45:00+02:00,65.37
2024-05-29 03:00:00+02:00,64.05
2024-05-29 03:15:00+02:00,64.05
2024-05-29 03:30:00+02:00,64.05
2024-05-29 03:45:00+02:00,64.05
2024-05-29 04:00:00+02:00,64.89
2024-05-29 04:15:00+02:00,64.89
2024-05-29 04:30:00+02:00,64.89
2024-05-29 04:45:00+02:00,64.89
2024-05-29 05:00:00+02:00,68.97
2024-05-29 05:15:00+02:00,68.97
2024-05-29 05:30:00+02:00,68.97
2024-05-29 05:45:00+02:00,68.97
2024-05-29 06:00:00+02:00,81.58
2024-05-29 06:15:00+02:00,81.58
2024-05-29 06:30:00+02:00,81.58
2024-05-29 06:45:00+02:00,81.58
2024-05-29 07:00:00+02:00,83.46
2024-05-29 07:15:00+02:00,83.46
2024-05-29 07:30:00+02:00,83.46
2024-05-29 07:45:00+02:00,83.46
2024-05-29 08:00:00+02:00,83.49
2024-05-29 08:15:00+02:00,83.49
2024-05-29 08:30:00+02:00,83.49
2024-05-29 08:45:00+02:00,83.49
2024-05-29 09:00:00+02:00,75.02
2024-05-29 09:15:00+02:00,75.02
2024-05-29 09:30:00+02:00,75.02
2024-05-29 09:45:00+02:00,75.02
2024-05-29 10:00:00+02:00,64.98
2024-05-29 10:15:00+02:00,64.98
2024-05-29 10:30:00+02:00,64.98
2024-05-29 10:45:00+02:00,64.98
2024-05-29 11:00:00+02:00,65.0
2024-05-29 11:15:00+02:00,65.0
2024-05-29 11:30:00+02:00,65.0
2024-05-29 11:45:00+02:00,65.0
2024-05-29 12:00:00+02:00,62.04
2024-05-29 12:15:00+02:00,62.04
2024-05-29 12:30:00+02:00,62.04
2024-05-29 12:45:00+02:00,62.04
2024-05-29 13:00:00+02:00,63.1
2024-05-29 13:15:00+02:00,63.1
2024-05-29 13:30:00+02:00,63.1
2024-05-29 13:45:00+02:00,63.1
2024-05-29 14:00:00+02:00,62.05
2024-05-29 14:15:00+02:00,62.05
2024-05-29 14:30:00+02:00,62.05
2024-05-29 14:45:00+02:00,62.05
2024-05-29 15:00:00+02:00,65.08
2024-05-29 15:15:00+02:00,65.08
2024-05-29 15:30:00+02:00,65.08
2024-05-29 15:45:00+02:00,65.08
2024-05-29 16:00:00+02:00,66.95
2024-05-29 16:15:00+02:00,66.95
2024-05-29 16:30:00+02:00,66.95
2024-05-29 16:45:00+02:00,66.95
2024-05-29 17:00:00+02:00,83.46
2024-05-29 17:15:00+02:00,83.46
2024-05-29 17:30:00+02:00,83.46
2024-05-29 17:45:00+02:00,83.46
2024-05-29 18:00:00+02:00,82.56
2024-05-29 18:15:00+02:00,82.56
2024-05-29 18:30:00+02:00,82.56
2024-05-29 18:45:00+02:00,82.56
2024-05-29 19:00:00+02:00,82.47
2024-05-29 19:15:00+02:00,82.47
2024-05-29 19:30:00+02:00,82.47
2024-05-29 19:45:00+02:00,82.47
2024-05-29 20:00:00+02:00,82.65
2024-05-29 20:15:00+02:00,82.65
2024-05-29 20:30:00+02:00,82.65
2024-05-29 20:45:00+02:00,82.65
2024-05-29 21:00:00+02:00,82.15
2024-05-29 21:15:00+02:00,82.15
2024-05-29 21:30:00+02:00,82.15
2024-05-29 21:45:00+02:00,82.15
2024-05-29 22:00:00+02:00,81.73
2024-05-29 22:15:00+02:00,81.73
2024-05-29 22:30:00+02:00,81.73
2024-05-29 22:45:00+02:00,81.73
2024-05-29 23:00:00+02:00,80.0
2024-05-29 23:15:00+02:00,80.0
2024-05-29 23:30:00+02:00,80.0
2024-05-29 23:45:00+02:00,80.0
2024-05-30 00:00:00+02:00,80.34
2024-05-30 00:15:00+02:00,80.34
2024-05-30 00:30:00+02:00,80.34
2024-05-30 00:45:00+02:00,80.34
2024-05-30 01:00:00+02:00,80.17
2024-05-30 01:15:00+02:00,80.17
2024-05-30 01:30:00+02:00,80.17
2024-05-30 01:45:00+02:00,80.17
2024-05-30 02:00:00+02:00,80.37
2024-05-30 02:15:00+02:00,80.37
2024-05-30 02:30:00+02:00,80.37
2024-05-30 02:45:00+02:00,80.37
2024-05-30 03:00:00+02:00,79.93
2024-05-30 03:15:00+02:00,79.93
2024-05-30 03:30:00+02:00,79.93
2024-05-30 03:45:00+02:00,79.93
2024-05-30 04:00:00+02:00,80.1
2024-05-30 04:15:00+02:00,80.1
2024-05-30 04:30:00+02:00,80.1
2024-05-30 04:45:00+02:00,80.1
2024-05-30 05:00:00+02:00,79.55
2024-05-30 05:15:00+02:00,79.55
2024-05-30 05:30:00+02:00,79.55
2024-05-30 05:45:00+02:00,79.55
2024-05-30 06:00:00+02:00,80.34
2024-05-30 06:15:00+02:00,80.34
2024-05-30 06:30:00+02:00,80.34
2024-05-30 06:45:00+02:00,80.34
2024-05-30 07:00:00+02:00,80.38
2024-05-30 07:15:00+02:00,80.38
2024-05-30 07:30:00+02:00,80.38
2024-05-30 07:45:00+02:00,80.38
2024-05-30 08:00:00+02:00,81.61
2024-05-30 08:15:00+02:00,81.61
2024-05-30 08:30:00+02:00,81.61
2024-05-30 08:45:00+02:00,81.61
2024-05-30 09:00:00+02:00,80.31
2024-05-30 09:15:00+02:00,80.31
2024-05-30 09:30:00+02:00,80.31
2024-05-30 09:45:00+02:00,80.31
2024-05-30 10:00:00+02:00,70.14
2024-05-30 10:15:00+02:00,70.14
2024-05-30 10:30:00+02:00,70.14
2024-05-30 10:45:00+02:00,70.14
2024-05-30 11:00:00+02:00,65.08
2024-05-30 11:15:00+02:00,65.08
2024-05-30 11:30:00+02:00,65.08
2024-05-30 11:45:00+02:00,65.08
2024-05-30 12:00:00+02:00,57.69
2024-05-30 12:15:00+02:00,57.69
2024-05-30 12:30:00+02:00,57.69
2024-05-30 12:45:00+02:00,57.69
2024-05-30 13:00:00+02:00,53.55
2024-05-30 13:15:00+02:00,53.55
2024-05-30 13:30:00+02:00,53.55
2024-05-30 13:45:00+02:00,53.55
2024-05-30 14:00:00+02:00,51.36
2024-05-30 14:15:00+02:00,51.36
2024-05-30 14:30:00+02:00,51.36
2024-05-30 14:45:00+02:00,51.36
2024-05-30 15:00:00+02:00,61.71
2024-05-30 15:15:00+02:00,61.71
2024-05-30 15:30:00+02:00,61.71
2024-05-30 15:45:00+02:00,61.71
2024-05-30 16:00:00+02:00,66.8
2024-05-30 16:15:00+02:00,66.8
2024-05-30 16:30:00+02:00,66.8
2024-05-30 16:45:00+02:00,66.8
2024-05-30 17:00:00+02:00,82.16
2024-05-30 17:15:00+02:00,82.16
2024-05-30 17:30:00+02:00,82.16
2024-05-30 17:45:00+02:00,82.16
2024-05-30 18:00:00+02:00,80.43
2024-05-30 18:15:00+02:00,80.43
2024-05-30 18:30:00+02:00,80.43
2024-05-30 18:45:00+02:00,80.43
2024-05-30 19:00:00+02:00,80.78
2024-05-30 19:15:00+02:00,80.78
2024-05-30 19:30:00+02:00,80.78
2024-05-30 19:45:00+02:00,80.78
2024-05-30 20:00:00+02:00,82.21
2024-05-30 20:15:00+02:00,82.21
2024-05-30 20:30:00+02:00,82.21
2024-05-30 20:45:00+02:00,82.21
2024-05-30 21:00:00+02:00,82.31
2024-05-30 21:15:00+02:00,82.31
2024-05-30 21:30:00+02:00,82.31
2024-05-30 21:45:00+02:00,82.31
2024-05-30 22:00:00+02:00,80.91
2024-05-30 22:15:00+02:00,80.91
2024-05-30 22:30:00+02:00,80.91
2024-05-30 22:45:00+02:00,80.91
2024-05-30 23:00:00+02:00,80.03
2024-05-30 23:15:00+02:00,80.03
2024-05-30 23:30:00+02:00,80.03
2024-05-30 23:45:00+02:00,80.03
2024-05-31 00:00:00+02:00,76.2
