respondent_id,gender
118867014490,Männlich
118867103472,Weiblich
118867106782,Männlich
118867102635,Männlich
118867095560,Männlich
118867093389,Männlich
118867085559,Männlich
118867081746,Männlich
118867081624,Weiblich
118867080434,Weiblich
118867074861,Männlich
118867075571,Weiblich
118867072484,Weiblich
118867062931,Divers
118867061539,Männlich
118867060721,Weiblich
118867051868,Weiblich
118867051937,Männlich
118867049431,Männlich
118867048965,Männlich
118867015928,Männlich
118867045143,Männlich
118867046914,Weiblich
118867037998,Männlich
118867044486,Männlich
118866955443,Männlich
118867044801,Weiblich
118867044223,Männlich
118867043137,Weiblich
118867044118,Weiblich
118867043576,Männlich
118867041751,Männlich
118867040792,Männlich
118867041382,Männlich
118867040503,Weiblich
118867040007,Weiblich
118867040264,Weiblich
118867038333,Weiblich
118867036887,Weiblich
118867037007,Weiblich
118867037498,Weiblich
118867036948,Männlich
118867037754,Männlich
118867036605,Männlich
118867035459,Weiblich
118867034269,Männlich
118867032938,Weiblich
118867030915,Weiblich
118867031622,Weiblich
118867028646,Weiblich
118867029398,Männlich
118867029770,Männlich
118867026886,Weiblich
118867027259,Weiblich
118867026090,Weiblich
118867025702,Weiblich
118867022508,Männlich
118867024898,Weiblich
118867024317,Weiblich
118867022838,Männlich
118867018284,Weiblich
118867014898,Weiblich
118867016042,Männlich
118867018967,Weiblich
118867019545,Männlich
118867017445,Weiblich
118867016415,Männlich
118867015217,Männlich
118867013213,Männlich
118867013132,Männlich
118867012300,Männlich
118867013091,Männlich
118867011523,Männlich
118867010888,Männlich
118867008679,Männlich
118867006949,Männlich
118867006094,Männlich
118867008529,Männlich
118867006775,Weiblich
118867003864,Weiblich
118867004785,Männlich
118867002893,Männlich
118867002033,Männlich
118867002447,Weiblich
118867000777,Männlich
118866999088,Männlich
118866997913,Männlich
118866998775,Weiblich
118866997312,Männlich
118866993456,Männlich
118866994852,Weiblich
118866994419,Weiblich
118866996124,Männlich
118866995343,Männlich
118866994047,Weiblich
118866994425,Männlich
118866992134,Männlich
118866992596,Weiblich
118866990024,Männlich
118866989350,Weiblich
118866989292,Männlich
118866987521,Weiblich
118866987307,Männlich
118866990134,Weiblich
118866986337,Weiblich
118866989972,Männlich
118866984327,Weiblich
118866973987,Männlich
118866983923,Männlich
118866982200,Weiblich
118866983403,Weiblich
118866982535,Weiblich
118866979137,Weiblich
118866981859,Weiblich
118866981183,Weiblich
118866979933,Weiblich
118866979138,Männlich
118866974650,Weiblich
118866975327,Weiblich
118866974083,Weiblich
118866974195,Weiblich
118866974381,Weiblich
118866975040,Weiblich
118866974076,Männlich
118866973535,Männlich
118866970685,Weiblich
118866971710,Männlich
118866969397,Männlich
118866968787,Weiblich
118866969369,Weiblich
118866968347,Männlich
118866964905,Weiblich
118866959282,Weiblich
118866960887,Männlich
118866963297,Weiblich
118866960088,Männlich
118866962159,Männlich
118866958232,Weiblich
118866959132,Weiblich
118866959416,Weiblich
118866953261,Weiblich
118866955618,Männlich
118866957825,Männlich
118866958454,Weiblich
118866956552,Männlich
118866956915,Männlich
118866955817,Weiblich
118866954185,Weiblich
118866951530,Weiblich
118866950613,Weiblich
118866948040,Weiblich
118866943584,Männlich
118866946022,Männlich
118866945395,Weiblich
118866942004,Männlich
118866945099,Männlich
118866946286,Weiblich
118866943931,Männlich
118866943455,Männlich
118866944075,Männlich
118866943226,Weiblich
118866943215,Weiblich
118866943315,Männlich
118866942164,Männlich
118866944373,Weiblich
118866941933,Weiblich
118866940774,Weiblich
118866940556,Männlich
118866936324,Weiblich
118866939705,Weiblich
118866938193,Männlich
118866937507,Männlich
118866935766,Männlich
118866937898,Männlich
118866936563,Weiblich
118866937146,Weiblich
118866934905,Männlich
118866936667,Weiblich
118866935206,Weiblich
118866936450,Weiblich
118866935483,Männlich
118866936312,Männlich
118866935967,Weiblich
118866934557,Männlich
118866935058,Männlich
118866928634,Männlich
118866933543,Männlich
118866929307,Weiblich
118866933392,Weiblich
118866931995,Weiblich
118866934042,Männlich
118866935000,Weiblich
118866933882,Männlich
118866930245,Männlich
118866930393,Männlich
118866932976,Männlich
118866931782,Weiblich
118866930866,Weiblich
118866931402,Weiblich
118866930240,Männlich
118866930534,Männlich
118866928259,Weiblich
118866931009,Weiblich
118866928820,Weiblich
118866930110,Weiblich
118866926962,Weiblich
118866926796,Weiblich
118866928003,Männlich
118866928061,Männlich
118866807581,Männlich
118866331968,Männlich
118866098373,Weiblich
118866070482,Männlich
118866049453,Männlich
118865993888,Männlich
118865937239,Weiblich
118865545609,Männlich
118865337253,Weiblich
118864902528,Männlich
118864896513,Männlich
118864429794,Weiblich
118864377677,Männlich
118864359644,Männlich
118864248189,Männlich
118864149111,Männlich
118864023864,Weiblich
118864004036,Weiblich
118863985701,Weiblich
118863934625,Weiblich
118863922119,Männlich
118863893346,Weiblich
118863891002,Weiblich
118863872491,Männlich
118863862058,Männlich
118863784974,Weiblich
118863593040,Weiblich
118863567511,Weiblich
118863548745,Weiblich
118863432342,Weiblich
118863395010,Weiblich
118863368596,Männlich
118863364986,Weiblich
118863351926,Männlich
118863342592,Weiblich
118863331096,Männlich
118863327593,Männlich
118863326262,Männlich
118863321869,Weiblich
118863315318,Männlich
118752452689,Männlich
118745041241,Weiblich
118745035969,Männlich
118745035159,Männlich
118728905344,Weiblich
118728041541,Männlich
118725909916,Weiblich
118725489712,Männlich
118725204330,Männlich
118725167746,Weiblich
118725152865,Männlich
118725110569,Männlich
118723447559,Weiblich
118723237756,Weiblich
118722584838,Weiblich
118722351539,Männlich
118721763559,Weiblich
118721723631,Männlich
118721622091,Weiblich
118721620651,Männlich
118721595224,Weiblich
118721556715,Weiblich
118721543449,Weiblich
118721499184,Weiblich
118721456430,Weiblich
118721400034,Weiblich
118721395041,Weiblich
118721391105,Weiblich
118721337485,Männlich
118721331365,Weiblich
118721328556,Weiblich
118721197328,Männlich
118721153752,Männlich
118721125261,Männlich
118721006467,Männlich
118720956129,Männlich
118720912499,Weiblich
118720905950,Weiblich
118720902903,Weiblich
118720900408,Männlich
118720897761,Weiblich
118720897461,Männlich
118720895378,Männlich
118720891261,Männlich
118720890752,Weiblich
118720890310,Männlich
118720887674,Männlich
118720887094,Männlich
118720882393,Weiblich
118720881324,Männlich
118720881244,Männlich
118720880281,Männlich
118720878032,Männlich
118720876610,Weiblich
118720875003,Männlich
118720874823,Männlich
118720874594,Weiblich
118720874067,Weiblich
118720873582,Weiblich
118720873581,Männlich
118720873448,Männlich
118720872081,Weiblich
118720872071,Männlich
118720869708,Weiblich
118720869178,Weiblich
118720868828,Männlich
118720617197,Männlich
118720359488,Männlich
118720304414,Männlich
118720210295,Weiblich
118720095220,Männlich
118719940488,Männlich
118719844221,Männlich
118719800343,Weiblich
118719787450,Weiblich
118719777684,Männlich
118719751123,Männlich
118719745254,Männlich
118719744912,Weiblich
118719740529,Weiblich
118719740378,Männlich
118719731879,Männlich
118719723990,Divers
118719722284,Männlich
118719718843,Weiblich
118719706439,Weiblich
118719702607,Weiblich
118719701032,Männlich
118719698162,Männlich
118719690366,Männlich
118719658084,Weiblich
118719657490,Weiblich
118719648913,Männlich
118719640453,Weiblich
118719638341,Weiblich
118719632641,Weiblich
118719622185,Weiblich
118719618428,Männlich
118719614056,Weiblich
118719609522,Männlich
118719608146,Weiblich
118719600879,Weiblich
118719590338,Männlich
118719585877,Weiblich
118719585430,Divers
118719583858,Männlich
118719565260,Männlich
118719560234,Weiblich
118719559146,Weiblich
118719554786,Weiblich
118719550176,Männlich
118719549032,Männlich
118719545936,Weiblich
118719545213,Männlich
118719540468,Weiblich
118719539315,Männlich
118719538617,Weiblich
118719538578,Weiblich
118719534721,Männlich
118719536194,Männlich
118718418410,Männlich
118718417818,Weiblich
118717793319,Weiblich
